title,address,area,room_number,furnishing,price
Apartment Keizersgracht,1016 EG Amsterdam (Grachtengordel-West),270 m²,4 rooms,Upholstered,"€6,000 per month"
Apartment Amsteldijk,1074 HT Amsterdam (Oude Pijp),55 m²,3 rooms,Upholstered,"€1,450 per month"
Apartment Adelaarsweg,1021 BP Amsterdam (IJplein/Vogelbuurt),90 m²,4 rooms,Upholstered,"€2,250 per month"
House Balatonmeerlaan,1060 RD Amsterdam (Middelveldsche Akerpolder),144 m²,5 rooms,Upholstered,"€3,500 per month"
Apartment Ceintuurbaan 245 3,1074 CX Amsterdam (Oude Pijp),100 m²,4 rooms,Shell,"€1,300 per month"
Apartment Kalkmarkt,1011 BC Amsterdam (Nieuwmarkt/Lastage),125 m²,2 rooms,Furnished,"€1,250 per month"
Apartment Klaas Katerstraat,1069 RT Amsterdam (Osdorp-Midden),79 m²,3 rooms,Furnished,"€1,700 per month"
Apartment Ennemaborg,1082 SM Amsterdam (Buitenveldert-West),71 m²,4 rooms,Furnished,"€2,150 per month"
Apartment Carnapstraat,1062 KT Amsterdam (Westlandgracht),73 m²,2 rooms,,"€1,755 per month"
Apartment Goudsbloemstraat 110 I,1015 JS Amsterdam (Jordaan),60 m²,3 rooms,Furnished,"€2,250 per month"
Apartment Wiltzanghlaan 1 D,1055 KD Amsterdam (Landlust),75 m²,3 rooms,Furnished,"€2,150 per month"
House Bestevâerstraat,1056 HM Amsterdam (Geuzenbuurt),150 m²,5 rooms,Upholstered or furnished,"€3,500 per month"
Apartment Mary van der Sluisstraat 286,1095 ME Amsterdam (Zeeburgereiland/Nieuwe Diep),88 m²,3 rooms,,"€2,500 per month"
Apartment Nassaukade 155 1,1053 LK Amsterdam (Da Costabuurt),80 m²,3 rooms,Furnished,"€1,850 per month"
House Akbarstraat 59,1061 DW Amsterdam (De Kolenkit),135 m²,6 rooms,Upholstered,"€2,500 per month"
Apartment Brouwersgracht,1015 GA Amsterdam (Grachtengordel-West),100 m²,3 rooms,Furnished,"€2,400 per month"
Project: Q-Residences | Quartz - APPARTEMENT H–B MIDDEN,1081 AB Amsterdam (Buitenveldert-West),73 m²,4 rooms,,"€1,068 per month"
Project: Q-Residences | Quartz - APPARTEMENT H–C MIDDEN,1081 AB Amsterdam (Buitenveldert-West),75 m²,3 rooms,,"€1,068 per month"
Project: Q-Residences | Quartz - APPARTEMENT H–C’ MIDDEN,1081 AB Amsterdam (Buitenveldert-West),75 m²,3 rooms,,"€1,068 per month"
Project: Q-Residences | Quartz - APPARTEMENT H–B’ MIDDEN,1081 AB Amsterdam (Buitenveldert-West),73 m²,3 rooms,,"€1,068 per month"
Project: Q-Residences | Quartz - APPARTEMENT H–D MIDDEN,1081 AB Amsterdam (Buitenveldert-West),73 m²,3 rooms,,"€1,068 per month"
Project: Q-Residences | Quartz - APPARTEMENT H–D’ MIDDEN,1081 AB Amsterdam (Buitenveldert-West),73 m²,3 rooms,,"€1,068 per month"
Project: Q-Residences | Quartz - APPARTEMENT H–E EXCLUSIEF,1081 AB Amsterdam (Buitenveldert-West),93 m²,4 rooms,,"€1,875 per month"
Project: Q-Residences | Quartz - APPARTEMENT H–H EXCLUSIEF,1081 AB Amsterdam (Buitenveldert-West),97 m²,4 rooms,,"€1,950 per month"
Project: Q-Residences | Quartz - APPARTEMENT H–F’ EXCLUSIEF,1081 AB Amsterdam (Buitenveldert-West),115 m²,4 rooms,,"€2,315 per month"
Project: Q-Residences | Quartz - APPARTEMENT H–F EXCLUSIEF,1081 AB Amsterdam (Buitenveldert-West),115 m²,4 rooms,,"€2,315 per month"
Project: Q-Residences | Quartz - APPARTEMENT H–I EXCLUSIEF,1081 AB Amsterdam (Buitenveldert-West),160 m²,6 rooms,,"€3,225 per month"
Project: Q-Residences | Quartz - APPARTEMENT H–J EXCLUSIEF,1081 AB Amsterdam (Buitenveldert-West),93 m²,3 rooms,,"€1,850 per month"
Project: Q-Residences | Quartz - APPARTEMENT H–I’ EXCLUSIEF,1081 AB Amsterdam (Buitenveldert-West),160 m²,6 rooms,,"€3,225 per month"
Project: Q-Residences | Quartz - APPARTEMENT H–F’ LUXE,1081 AB Amsterdam (Buitenveldert-West),115 m²,4 rooms,,"€1,950 - €2,000 per month"
Project: Q-Residences | Quartz - APPARTEMENT H–G LUXE,1081 AB Amsterdam (Buitenveldert-West),111 m²,4 rooms,,"€1,900 - €1,925 per month"
Apartment Keizersgracht,1016 EG Amsterdam (Grachtengordel-West),270 m²,4 rooms,Upholstered,"€6,000 per month"
Project: Q-Residences | Quartz - APPARTEMENT H-A LUXE,1081 AB Amsterdam (Buitenveldert-West),102 m²,4 rooms,,"€1,650 - €1,675 per month"
Project: Q-Residences | Quartz - APPARTEMENT H–F LUXE,1081 AB Amsterdam (Buitenveldert-West),115 m²,4 rooms,,"€1,950 - €2,000 per month"
Project: Q-Residences | Quartz - APPARTEMENT H–D’ LUXE,1081 AB Amsterdam (Buitenveldert-West),73 m²,3 rooms,,"€1,350 per month"
Project: Q-Residences | Quartz - APPARTEMENT H–J LUXE,1081 AB Amsterdam (Buitenveldert-West),93 m²,3 rooms,,"€1,575 - €1,650 per month"
Project: Q-Residences | Quartz - APPARTEMENT H–B LUXE,1081 AB Amsterdam (Buitenveldert-West),73 m²,3 rooms,,"€1,350 per month"
Project: Q-Residences | Quartz - APPARTEMENT H–E LUXE,1081 AB Amsterdam (Buitenveldert-West),92 m²,4 rooms,,"€1,550 - €1,675 per month"
Project: Q-Residences | Quartz - APPARTEMENT H–D LUXE,1081 AB Amsterdam (Buitenveldert-West),73 m²,3 rooms,,"€1,350 per month"
Project: Q-Residences | Quartz - APPARTEMENT H–G’ LUXE,1081 AB Amsterdam (Buitenveldert-West),111 m²,4 rooms,,"€1,900 - €1,925 per month"
Project: Q-Residences | Quartz - APPARTEMENT H–H LUXE,1081 AB Amsterdam (Buitenveldert-West),96 m²,4 rooms,,"€1,575 - €1,700 per month"
Project: Q-Residences | Quartz - APPARTEMENT H–A’ LUXE,1081 AB Amsterdam (Buitenveldert-West),102 m²,4 rooms,,"€1,650 - €1,675 per month"
Project: Q-Residences | Quartz - APPARTEMENT H–B MIDDEN,1081 AB Amsterdam (Buitenveldert-West),73 m²,4 rooms,,"€1,068 per month"
Project: Q-Residences | Quartz - APPARTEMENT H–C MIDDEN,1081 AB Amsterdam (Buitenveldert-West),75 m²,3 rooms,,"€1,068 per month"
Apartment Van de Veldestraat,1071 CW Amsterdam (Museumkwartier),94 m²,2 rooms,Upholstered,"€2,750 per month"
Apartment Singel,1017 AX Amsterdam (Grachtengordel-Zuid),82 m²,2 rooms,Furnished,"€2,300 per month"
Apartment Pieter Aertszstraat,1073 SH Amsterdam (Nieuwe Pijp),67 m²,3 rooms,Furnished,"€2,500 per month"
Apartment Oranje-Vrijstaatplein,1093 NG Amsterdam (Dapperbuurt),100 m²,3 rooms,Upholstered or furnished,"€2,895 per month"
Apartment Veembroederhof 255 2 PP,1019 HD Amsterdam (Oostelijk Havengebied),183 m²,6 rooms,,"€4,500 per month"
Apartment Waverstraat,1079 VJ Amsterdam (Rijnbuurt),53 m²,3 rooms,Furnished,"€2,150 per month"
House Oudezijds Achterburgwal 89,1012 DC Amsterdam (Burgwallen-Oude Zijde),261 m²,8 rooms,,"€6,250 per month"
Apartment Herengracht,1016 BE Amsterdam (Grachtengordel-West),70 m²,3 rooms,Furnished,"€2,500 per month"
Apartment Langestraat,1015 AM Amsterdam (Grachtengordel-West),43 m²,2 rooms,Furnished,"€1,725 per month"
Apartment Loenermark,1025 TX Amsterdam (Buikslotermeer),65 m²,2 rooms,Furnished,"€1,450 per month"
Apartment Hugo de Grootkade,1052 LP Amsterdam (Frederik Hendrikbuurt),45 m²,2 rooms,Furnished,"€1,550 per month"
House Rijnstraat,1078 RB Amsterdam (IJselbuurt),80 m²,3 rooms,Upholstered,"€2,450 per month"
Apartment Madurastraat 7 B,1094 GC Amsterdam (Indische Buurt West),75 m²,3 rooms,Furnished,"€1,995 per month"
Apartment Leenhofstraat,1067 KW Amsterdam (Geuzenveld),69 m²,3 rooms,Furnished,"€1,750 per month"
Apartment Cornelis Anthoniszstraat,1071 VR Amsterdam (Museumkwartier),115 m²,3 rooms,Furnished,"€3,150 per month"
Apartment Dikninge,1083 VC Amsterdam (Buitenveldert-Oost),75 m²,3 rooms,Furnished,"€2,500 per month"
Apartment Planciusstraat,1013 MD Amsterdam (Haarlemmerbuurt),39 m²,2 rooms,Furnished,"€1,450 per month"
Apartment Keizersgracht,1015 CK Amsterdam (Grachtengordel-West),58 m²,2 rooms,Furnished,"€1,850 per month"
Apartment Keizersgracht,1016 EG Amsterdam (Grachtengordel-West),270 m²,4 rooms,Upholstered,"€6,000 per month"
Apartment Van Tuyll van Serooskerkenweg 110 3,1076 JR Amsterdam (Stadionbuurt),125 m²,5 rooms,Furnished,"€3,500 per month"
Apartment Keizersgracht 96 G,1015 CV Amsterdam (Grachtengordel-West),90 m²,2 rooms,Furnished,"€2,300 per month"
Apartment Cornelis Trooststraat,1072 JA Amsterdam (Nieuwe Pijp),110 m²,4 rooms,Furnished,"€3,500 per month"
Apartment Brederodestraat 104 4,1054 VG Amsterdam (Overtoomse Sluis),59 m²,3 rooms,Upholstered or furnished,"€1,950 per month"
Apartment Karel du Jardinstraat 21 1,1072 SE Amsterdam (Nieuwe Pijp),60 m²,3 rooms,,"€2,500 per month"
Apartment Ruysdaelkade 77 4,1072 AL Amsterdam (Oude Pijp),49 m²,2 rooms,Furnished,"€2,000 per month"
Studio Raamgracht,1011 KH Amsterdam (Nieuwmarkt/Lastage),45 m²,1 room,Upholstered,"€1,850 per month"
House Gooise Kant,"1104 MM Amsterdam (Bijlmer Oost (E,G,K))",107 m²,5 rooms,Upholstered,"€2,250 per month"
Apartment Ruysdaelstraat,1071 XE Amsterdam (Museumkwartier),52 m²,3 rooms,Upholstered,"€1,750 per month"
Apartment Kromme-Mijdrechtstraat,1079 KP Amsterdam (Rijnbuurt),86 m²,3 rooms,Upholstered,"€2,500 per month"
Apartment Scherpenzeelstraat 141,1107 HT Amsterdam (Holendrecht/Reigersbos),71 m²,3 rooms,Furnished,"€1,800 per month"
Apartment Ertskade 268,1019 BB Amsterdam (Oostelijk Havengebied),123 m²,4 rooms,Shell,"€2,800 per month"
Apartment Bosboom Toussaintstraat,1054 AN Amsterdam (Helmersbuurt),125 m²,4 rooms,Upholstered,"€3,000 per month"
Apartment Kerkstraat,1017 HC Amsterdam (Grachtengordel-Zuid),105 m²,3 rooms,Upholstered,"€2,550 per month"
Studio Nieuwezijds Voorburgwal,1012 RD Amsterdam (Burgwallen-Nieuwe Zijde),25 m²,1 room,Furnished,"€1,350 per month"
Apartment Johan Hofmanstraat,1069 KE Amsterdam (Osdorp-Midden),96 m²,3 rooms,Furnished,"€2,250 per month"
House Piet Zwarthof 63,1087 AX Amsterdam (IJburg West),120 m²,4 rooms,Furnished,"€2,500 per month"
Apartment Kromme Leimuidenstraat,1059 EL Amsterdam (Hoofddorppleinbuurt),57 m²,2 rooms,Furnished,"€2,300 per month"
Apartment Herengracht,1015 BG Amsterdam (Grachtengordel-West),78 m²,3 rooms,Upholstered,"€2,500 per month"
House Vrijheidslaan 5 a,1079 KA Amsterdam (Rijnbuurt),170 m²,4 rooms,Upholstered,"€3,150 per month"
Apartment Keizersgracht,1016 EG Amsterdam (Grachtengordel-West),270 m²,4 rooms,Upholstered,"€6,000 per month"
Apartment Ruysdaelkade 197 2,1072 AV Amsterdam (Nieuwe Pijp),73 m²,3 rooms,Upholstered or furnished,"€1,995 per month"
Apartment Valeriusstraat 110 huis,1075 GC Amsterdam (Willemspark),225 m²,7 rooms,Upholstered,"€6,500 per month"
Apartment Tweede Oosterparkstraat 184 H,1092 BT Amsterdam (Oosterparkbuurt),84 m²,3 rooms,Upholstered,"€2,100 per month"
Apartment Sumatrakade,1019 RM Amsterdam (Oostelijk Havengebied),94 m²,3 rooms,Upholstered,"€2,100 per month"
Apartment Eerste Atjehstraat,1094 KA Amsterdam (Indische Buurt West),30 m²,1 room,Furnished,"€1,250 per month"
Apartment Nieuwendijk,1012 MD Amsterdam (Burgwallen-Nieuwe Zijde),40 m²,2 rooms,Furnished,"€1,400 per month"
Apartment Omval,1096 AA Amsterdam (Omval/Overamstel),107 m²,3 rooms,Upholstered,"€2,250 per month"
Apartment Jan Zijvertszstraat 2 HS,1067 XH Amsterdam (Geuzenveld),59 m²,3 rooms,Upholstered,"€1,550 per month"
Apartment Brouwersgracht 5 F,1015 GA Amsterdam (Grachtengordel-West),70 m²,2 rooms,Furnished,"€1,900 per month"
Apartment Keizersgracht,1016 EG Amsterdam (Grachtengordel-West),270 m²,4 rooms,Upholstered,"€6,000 per month"
Apartment Beemsterstraat 546 G11,1024 BV Amsterdam (Waterlandpleinbuurt),63 m²,2 rooms,Upholstered,€994 per month
Apartment Weesperzijde 6 4,1091 EA Amsterdam (Weesperzijde),82 m²,3 rooms,Upholstered,"€2,300 per month"
Apartment Generaal Vetterstraat 2,1059 BV Amsterdam (Hoofddorppleinbuurt),143 m²,5 rooms,Upholstered,"€3,250 per month"
Apartment Maria Austriastraat 113,1087 EK Amsterdam (IJburg West),85 m²,3 rooms,Furnished,"€1,850 per month"
Apartment Bentinckstraat,1051 GD Amsterdam (Staatsliedenbuurt),87 m²,3 rooms,Furnished,"€2,500 per month"
Apartment Eerste Nassaustraat,1052 BH Amsterdam (Staatsliedenbuurt),100 m²,3 rooms,Furnished,"€2,600 per month"
Apartment Gillis van Ledenberchstraat 46 H,1052 VJ Amsterdam (Frederik Hendrikbuurt),57 m²,3 rooms,Furnished,"€1,950 per month"
Apartment Wijdesteeg,1012 RN Amsterdam (Burgwallen-Nieuwe Zijde),65 m²,2 rooms,Furnished,"€2,175 per month"
Apartment Raamplein 2,1016 XK Amsterdam (Jordaan),80 m²,3 rooms,Upholstered or furnished,"€2,500 per month"
Apartment Vondelstraat 11 C,1054 GC Amsterdam (Vondelbuurt),90 m²,3 rooms,Upholstered,"€2,850 per month"
Apartment Céramiquelaan 353,1031 KG Amsterdam (Noordelijke IJ-oevers West),144 m²,4 rooms,Furnished,"€3,000 per month"
Apartment Ruysdaelkade 259 A,1072 AZ Amsterdam (Nieuwe Pijp),62 m²,3 rooms,Upholstered or furnished,"€2,000 per month"
Apartment Jan Pieter Heijestraat 81 A,1053 GM Amsterdam (Van Lennepbuurt),62 m²,3 rooms,Furnished,"€1,950 per month"
Apartment Narva-eiland,1014 ZJ Amsterdam (Houthavens),69 m²,2 rooms,Upholstered,"€2,250 per month"
Apartment Leliegracht 4 3,1015 DE Amsterdam (Grachtengordel-West),80 m²,3 rooms,Furnished,"€2,500 per month"
Apartment Panamalaan 120,1019 AZ Amsterdam (Oostelijk Havengebied),65 m²,3 rooms,Furnished,"€1,950 per month"
House Eurokade,1060 RZ Amsterdam (Middelveldsche Akerpolder),157 m²,6 rooms,Furnished,"€3,000 per month"
Apartment Bloemstraat 48 D,1016 LD Amsterdam (Jordaan),36 m²,2 rooms,Upholstered,"€1,675 per month"
Apartment Eerste Helmersstraat,1054 DW Amsterdam (Helmersbuurt),70 m²,5 rooms,Furnished,"€2,950 per month"
Apartment Berthold Brechtstraat 833,"1102 RV Amsterdam (Bijlmer Centrum (D,F,H))",75 m²,3 rooms,,"€1,850 per month"
Apartment Warmoesstraat 12 G,1012 JD Amsterdam (Burgwallen-Oude Zijde),72 m²,2 rooms,Upholstered or furnished,"€2,250 per month"
Apartment Willem van Weldammelaan,1082 KV Amsterdam (Buitenveldert-West),85 m²,3 rooms,Furnished,"€2,150 per month"
Apartment Beursstraat 33 G,1012 JV Amsterdam (Burgwallen-Oude Zijde),60 m²,3 rooms,Upholstered or furnished,"€2,500 per month"
Apartment Warmoesstraat 12 C,1012 JD Amsterdam (Burgwallen-Oude Zijde),74 m²,2 rooms,Upholstered or furnished,"€2,150 per month"
Apartment Roemer Visscherstraat 11 A,1054 EV Amsterdam (Vondelbuurt),109 m²,3 rooms,Upholstered or furnished,"€3,250 per month"
Apartment Warmoesstraat 98 F,1012 JH Amsterdam (Burgwallen-Oude Zijde),65 m²,2 rooms,Upholstered or furnished,"€2,450 per month"
Apartment Dufaystraat,1075 GR Amsterdam (Willemspark),120 m²,6 rooms,Upholstered,"€3,250 per month"
Apartment Bloemgracht,1015 TR Amsterdam (Jordaan),132 m²,4 rooms,Furnished,"€4,750 per month"
Apartment De Lairessestraat 172 F,1075 HM Amsterdam (Willemspark),100 m²,4 rooms,,"€3,250 per month"
Apartment Van Eeghenlaan 12 1,1071 EM Amsterdam (Museumkwartier),140 m²,3 rooms,,"€4,500 per month"
Apartment Keizersgracht,1016 EG Amsterdam (Grachtengordel-West),270 m²,4 rooms,Upholstered,"€6,000 per month"
Apartment Ruyschstraat,1091 MS Amsterdam (Oosterparkbuurt),64 m²,3 rooms,Upholstered or furnished,"€1,850 per month"
Apartment Van Eeghenstraat 58 II,1071 GJ Amsterdam (Museumkwartier),71 m²,2 rooms,Upholstered or furnished,"€3,250 per month"
Apartment De Genestetstraat,1054 AW Amsterdam (Helmersbuurt),95 m²,3 rooms,Furnished,"€2,900 per month"
Apartment De Genestetstraat,1054 AW Amsterdam (Helmersbuurt),95 m²,3 rooms,Furnished,"€2,900 per month"
Apartment Pieter Baststraat,1071 TW Amsterdam (Museumkwartier),72 m²,3 rooms,Upholstered,"€2,500 per month"
Apartment Wijttenbachstraat,1093 JE Amsterdam (Dapperbuurt),60 m²,2 rooms,Furnished,"€1,750 per month"
Apartment Willem Parelstraat 282,1018 KZ Amsterdam (Oostelijke Eilanden/Kadijken),45 m²,2 rooms,Furnished,"€1,995 per month"
Apartment Brouwersgracht 829,1015 GK Amsterdam (Jordaan),125 m²,4 rooms,Upholstered or furnished,"€3,450 per month"
Apartment Emmalaan 19 B,1075 AT Amsterdam (Willemspark),90 m²,3 rooms,Furnished,"€3,250 per month"
Apartment Emmalaan 17 C,1075 AT Amsterdam (Willemspark),100 m²,3 rooms,Furnished,"€3,250 per month"
Apartment Laplacestraat 56 H,1098 HX Amsterdam (Middenmeer),90 m²,4 rooms,,"€2,195 per month"
Apartment Nieuwe Nieuwstraat,1012 NH Amsterdam (Burgwallen-Nieuwe Zijde),110 m²,3 rooms,Furnished,"€2,650 per month"
Apartment Wijenburg 110,1082 VX Amsterdam (Buitenveldert-West),67 m²,4 rooms,Upholstered,"€2,150 per month"
Apartment Loevestein,1082 XG Amsterdam (Buitenveldert-West),67 m²,4 rooms,Upholstered,"€2,150 per month"
Apartment Orteliuskade,1057 AD Amsterdam (Hoofdweg e.o.),75 m²,3 rooms,Upholstered,"€2,500 per month"
Apartment Prinseneiland,1013 LL Amsterdam (Haarlemmerbuurt),130 m²,2 rooms,Upholstered or furnished,"€2,300 per month"
Apartment Egelantiersstraat,1015 PP Amsterdam (Jordaan),80 m²,3 rooms,Upholstered,"€2,200 per month"
Apartment Johannes Verhulststraat,1071 NE Amsterdam (Museumkwartier),75 m²,2 rooms,Furnished,"€1,850 per month"
Apartment Woestduinstraat,1058 TG Amsterdam (Hoofddorppleinbuurt),75 m²,3 rooms,Upholstered,"€2,350 per month"
Apartment Koninginneweg 207 1,1075 CR Amsterdam (Willemspark),80 m²,3 rooms,,"€2,100 per month"
Apartment Van Hogendorpstraat 62 3,1051 BS Amsterdam (Staatsliedenbuurt),51 m²,2 rooms,Upholstered or furnished,"€1,850 per month"
Apartment Johannes Verhulststraat,1071 NG Amsterdam (Museumkwartier),65 m²,2 rooms,Furnished,"€2,000 per month"
Apartment Bella Vistastraat 170,1096 GM Amsterdam (Omval/Overamstel),113 m²,4 rooms,Furnished,"€3,000 per month"
Apartment Pontsteiger,1014 ZP Amsterdam (Houthavens),184 m²,5 rooms,Furnished,"€6,500 per month"
Apartment Da Costakade,1053 WG Amsterdam (Da Costabuurt),80 m²,4 rooms,Furnished,"€2,500 per month"
Apartment Wijsmullerstraat 53 I*,1058 JH Amsterdam (Hoofddorppleinbuurt),176 m²,7 rooms,Upholstered,"€3,500 per month"
Apartment Keizersgracht 812 A,1017 ED Amsterdam (Grachtengordel-Zuid),95 m²,2 rooms,Furnished,"€2,450 per month"
Apartment Govert Flinckstraat 283 II+III,1073 CA Amsterdam (Oude Pijp),103 m²,3 rooms,Upholstered,"€2,650 per month"
Apartment Graafschapstraat 20,1079 PE Amsterdam (Scheldebuurt),95 m²,3 rooms,Furnished,"€2,400 per month"
Apartment Ceintuurbaan,1072 GD Amsterdam (Nieuwe Pijp),80 m²,1 room,Upholstered,"€2,450 per month"
Apartment Keizersgracht,1016 EG Amsterdam (Grachtengordel-West),270 m²,4 rooms,Upholstered,"€6,000 per month"
Studio Albert Cuypstraat,1073 BL Amsterdam (Oude Pijp),38 m²,1 room,Furnished,"€1,600 per month"
Apartment P. Hans Frankfurthersingel,1060 TP Amsterdam (Middelveldsche Akerpolder),35 m²,1 room,,"€1,650 per month"
Apartment Langswater,1069 TS Amsterdam (De Punt),70 m²,4 rooms,Upholstered,"€2,250 per month"
Apartment Prinsengracht,1016 HM Amsterdam (Grachtengordel-West),100 m²,3 rooms,Furnished,"€3,000 per month"
Apartment Nieuwe Osdorpergracht,1068 HV Amsterdam (Osdorp-Oost),51 m²,2 rooms,Upholstered or furnished,"€1,750 per month"
Apartment Tweede Sweelinckstraat,1073 EH Amsterdam (Nieuwe Pijp),52 m²,2 rooms,,"€1,800 per month"
Apartment Olympiaweg,1076 VX Amsterdam (Stadionbuurt),48 m²,2 rooms,Upholstered,"€1,950 per month"
Apartment Van Eeghenstraat,1071 EZ Amsterdam (Museumkwartier),98 m²,3 rooms,Upholstered,"€2,950 per month"
Apartment Kromme Leimuidenstraat,1059 EL Amsterdam (Hoofddorppleinbuurt),57 m²,1 room,Furnished,"€1,950 per month"
Apartment Paramariboplein 10 II,1058 AS Amsterdam (Westindische Buurt),65 m²,3 rooms,Furnished,"€2,250 per month"
Apartment Hoogte Kadijk 141 H,1018 BH Amsterdam (Oostelijke Eilanden/Kadijken),85 m²,3 rooms,Upholstered,"€2,200 per month"
Apartment Vechtstraat 164 II,1079 JT Amsterdam (Rijnbuurt),65 m²,2 rooms,Furnished,"€1,750 per month"
Apartment Bloemgracht,1015 TJ Amsterdam (Jordaan),75 m²,2 rooms,Furnished,"€2,150 per month"
Apartment Egelantiersgracht 386 3,1015 RR Amsterdam (Jordaan),114 m²,4 rooms,Upholstered or furnished,"€3,600 per month"
Apartment Gerard Doustraat 147 D,1073 VV Amsterdam (Oude Pijp),80 m²,3 rooms,Furnished,"€2,975 per month"
Apartment Nieuwe Ridderstraat,1011 CN Amsterdam (Nieuwmarkt/Lastage),215 m²,5 rooms,,"€4,950 per month"
Apartment Feike de Boerlaan 334,1019 MS Amsterdam (Oostelijk Havengebied),77 m²,1 room,Furnished,"€1,850 per month"
Apartment Nassaukade 111 II,1052 EA Amsterdam (Frederik Hendrikbuurt),130 m²,4 rooms,Upholstered or furnished,"€3,500 per month"
Apartment Cruquiusweg,1019 AG Amsterdam (Oostelijk Havengebied),105 m²,3 rooms,Furnished,"€3,000 per month"
Apartment Prins Hendrikkade,1011 AN Amsterdam (Nieuwmarkt/Lastage),65 m²,2 rooms,Furnished,"€2,250 per month"
Apartment Prins Hendrikkade,1011 AN Amsterdam (Nieuwmarkt/Lastage),65 m²,3 rooms,Furnished,"€2,250 per month"
Apartment Leliegracht 39 C,1016 GS Amsterdam (Grachtengordel-West),80 m²,3 rooms,Upholstered,"€2,350 per month"
Apartment Van Eeghenstraat,1071 EZ Amsterdam (Museumkwartier),81 m²,2 rooms,Upholstered,"€2,800 per month"
Apartment Giessenburg 37,1082 CV Amsterdam (Buitenveldert-West),66 m²,3 rooms,Upholstered,"€1,760 per month"
Apartment Jan Evertsenstraat,1057 BS Amsterdam (Hoofdweg e.o.),65 m²,3 rooms,Upholstered,"€1,750 per month"
Apartment Pieter Cornelisz. Hooftstraat 58 2,1071 CA Amsterdam (Museumkwartier),75 m²,2 rooms,Upholstered or furnished,"€2,000 per month"
Apartment Geldersekade,1011 EK Amsterdam (Nieuwmarkt/Lastage),55 m²,2 rooms,Upholstered,"€1,500 per month"
Apartment Oudezijds Achterburgwal,1012 DB Amsterdam (Burgwallen-Oude Zijde),69 m²,3 rooms,Shell,"€1,850 per month"
Apartment Plantage Kerklaan,1018 TA Amsterdam (Weesperbuurt/Plantage),65 m²,2 rooms,Furnished,"€2,395 per month"
Apartment De Rijpgracht 31 2,1056 XR Amsterdam (Landlust),53 m²,3 rooms,,"€1,900 per month"
Apartment Keizersgracht,1016 EG Amsterdam (Grachtengordel-West),270 m²,4 rooms,Upholstered,"€6,000 per month"
Apartment Dina Appeldoornstraat,1076 AX Amsterdam (Prinses Irenebuurt e.o.),110 m²,4 rooms,Upholstered,"€2,950 per month"
Apartment Westerstraat,1015 LZ Amsterdam (Jordaan),35 m²,2 rooms,Furnished,"€1,650 per month"
Apartment Wethouder Frankeweg 9 1,1098 KV Amsterdam (Middenmeer),74 m²,3 rooms,Furnished,"€1,750 per month"
Apartment Afroditekade,1076 DZ Amsterdam (Stadionbuurt),100 m²,2 rooms,Upholstered,"€2,200 per month"
Apartment Nassaukade,1052 CH Amsterdam (Staatsliedenbuurt),144 m²,5 rooms,Upholstered,"€3,250 per month"
Apartment Oldengaarde,1083 TJ Amsterdam (Buitenveldert-Oost),46 m²,2 rooms,Furnished,"€1,500 per month"
Apartment Woestduinstraat,1059 SX Amsterdam (Hoofddorppleinbuurt),115 m²,4 rooms,Furnished,"€2,975 per month"
Apartment Tugelaweg,1091 VW Amsterdam (Weesperzijde),67 m²,3 rooms,Upholstered,"€2,350 per month"
Apartment Paardekraalstraat,1092 JB Amsterdam (Transvaalbuurt),67 m²,3 rooms,Upholstered,"€2,150 per month"
Apartment Henrick de Keijserplein 16,1073 SX Amsterdam (Zuid Pijp),56 m²,2 rooms,Furnished,"€1,750 per month"
Apartment Amstelkade,1078 BA Amsterdam (Scheldebuurt),104 m²,4 rooms,,"€2,700 per month"
Apartment Haparandaweg,1013 BD Amsterdam (Houthavens),55 m²,1 room,Upholstered,"€1,516 per month"
Apartment Haparandaweg,1013 BD Amsterdam (Houthavens),55 m²,1 room,Upholstered,"€1,500 per month"
Apartment Govert Flinckstraat,1072 EM Amsterdam (Oude Pijp),61 m²,2 rooms,Furnished,"€2,000 per month"
Studio Bos en Lommerplantsoen 35 C,1055 AA Amsterdam (De Kolenkit),28 m²,1 room,Upholstered,"€1,200 per month"
House Middenweg,1098 AH Amsterdam (Middenmeer),211 m²,7 rooms,Furnished,"€3,000 per month"
Apartment Kuipersstraat 77 2,1074 EH Amsterdam (Nieuwe Pijp),106 m²,4 rooms,,"€4,250 per month"
Apartment Prins Hendrikkade,1011 AN Amsterdam (Nieuwmarkt/Lastage),110 m²,3 rooms,Furnished,"€2,650 per month"
Apartment Oostenburgermiddenstraat 20,1018 LC Amsterdam (Oostelijke Eilanden/Kadijken),86 m²,3 rooms,Upholstered,"€2,150 per month"
Apartment Ruysdaelkade,1072 AG Amsterdam (Oude Pijp),72 m²,2 rooms,Upholstered,"€1,975 per month"
Apartment Keizersgracht,1015 CR Amsterdam (Grachtengordel-West),140 m²,3 rooms,Furnished,"€3,000 per month"
Apartment John Blankensteinstraat,1095 MB Amsterdam (Zeeburgereiland/Nieuwe Diep),145 m²,5 rooms,Upholstered or furnished,"€2,750 per month"
Apartment Groen van Prinstererstraat,1051 EN Amsterdam (Staatsliedenbuurt),80 m²,3 rooms,Furnished,"€1,950 per month"
Apartment Tweede Kostverlorenkade 121 hs,1053 SC Amsterdam (Kinkerbuurt),85 m²,5 rooms,Upholstered,"€2,400 per month"
Apartment Frederiksplein 24 B,1017 XM Amsterdam (De Weteringschans),55 m²,2 rooms,Upholstered or furnished,"€2,000 per month"
Apartment Hembrugstraat,1013 XG Amsterdam (Spaarndammer- en Zeeheldenbuurt),58 m²,3 rooms,Furnished,"€1,850 per month"
Apartment Keizersgracht 138 B,1015 CW Amsterdam (Grachtengordel-West),75 m²,2 rooms,Furnished,"€2,450 per month"
Apartment Kerkstraat,1017 HW Amsterdam (Grachtengordel-Zuid),120 m²,3 rooms,Furnished,"€4,500 per month"
Apartment Van Ostadestraat,1072 SZ Amsterdam (Nieuwe Pijp),75 m²,3 rooms,Furnished,"€2,650 per month"
Apartment Eksterstraat,1021 EA Amsterdam (IJplein/Vogelbuurt),90 m²,4 rooms,Furnished,"€1,800 per month"
Apartment Keizersgracht,1016 EG Amsterdam (Grachtengordel-West),270 m²,4 rooms,Upholstered,"€6,000 per month"
House Zwanebloemlaan,1087 EP Amsterdam (IJburg West),90 m²,4 rooms,Furnished,"€2,150 per month"
Apartment Rapenburgerstraat 167 B,1011 VM Amsterdam (Nieuwmarkt/Lastage),72 m²,3 rooms,Furnished,"€1,950 per month"
Apartment Botterstraat,1034 BT Amsterdam (Banne Buiksloot),76 m²,4 rooms,Upholstered,"€2,100 per month"
Apartment Galileïplantsoen,1098 NC Amsterdam (Middenmeer),140 m²,4 rooms,Upholstered,"€3,250 per month"
Apartment Prinsengracht 485 C + PP,1016 HP Amsterdam (Grachtengordel-West),117 m²,4 rooms,Furnished,"€3,250 per month"
Apartment Herenmarkt 6 1,1013 ED Amsterdam (Haarlemmerbuurt),45 m²,2 rooms,Furnished,"€1,750 per month"
Apartment Rosy Wertheimstraat 23,1082 MZ Amsterdam (Zuidas),81 m²,3 rooms,Furnished,"€3,250 per month"
Apartment Keizersgracht,1016 DR Amsterdam (Grachtengordel-West),130 m²,2 rooms,Furnished,"€2,850 per month"
Apartment Nassaukade,1053 LZ Amsterdam (Van Lennepbuurt),67 m²,3 rooms,Furnished,"€2,400 per month"
Apartment Winthontstraat,1013 BR Amsterdam (Haarlemmerbuurt),70 m²,3 rooms,Furnished,"€2,600 per month"
Apartment Amstelkade 168 3,1078 AZ Amsterdam (Scheldebuurt),102 m²,4 rooms,Furnished,"€3,500 per month"
Apartment Sumatrastraat 119 D,1094 LV Amsterdam (Indische Buurt West),65 m²,2 rooms,Furnished,"€1,800 per month"
Apartment Valkenisseweg,1069 BX Amsterdam (Osdorp-Midden),88 m²,3 rooms,Furnished,"€1,950 per month"
Apartment Willem de Zwijgerlaan 353 2,1055 RB Amsterdam (Landlust),50 m²,2 rooms,Upholstered,"€1,650 per month"
Apartment Leerdamhof 173,1108 BP Amsterdam (Nellestein),85 m²,3 rooms,Upholstered,"€1,650 per month"
Apartment Valeriusstraat 245 2,1075 GB Amsterdam (Willemspark),64 m²,3 rooms,Furnished,"€2,500 per month"
Apartment Aalsmeerweg 81 4,1059 AE Amsterdam (Hoofddorppleinbuurt),50 m²,2 rooms,Upholstered or furnished,"€1,650 per month"
Apartment Sint Willibrordusstraat 10,1074 XL Amsterdam (Nieuwe Pijp),118 m²,3 rooms,Furnished,"€2,500 per month"
Apartment Rustenburgerstraat,1072 HA Amsterdam (Nieuwe Pijp),63 m²,3 rooms,Furnished,"€2,295 per month"
Apartment Peter Schatstraat,1082 MX Amsterdam (Zuidas),158 m²,4 rooms,,"€6,750 per month"
Apartment Zocherstraat 14 3,1054 LX Amsterdam (Overtoomse Sluis),120 m²,4 rooms,,"€5,000 per month"
Apartment Amstelveenseweg 194 III,1075 XR Amsterdam (Schinkelbuurt),73 m²,3 rooms,,"€1,950 per month"
Apartment Nida Senffstraat,1095 MX Amsterdam (Zeeburgereiland/Nieuwe Diep),70 m²,3 rooms,Upholstered,"€1,800 per month"
Apartment Paramaribostraat 132 2,1058 VP Amsterdam (Westindische Buurt),133 m²,5 rooms,Upholstered,"€3,300 per month"
Apartment Piet Gijzenbrugstraat 30 2,1059 XJ Amsterdam (Hoofddorppleinbuurt),80 m²,3 rooms,Upholstered,"€2,300 per month"
Apartment Plantage Doklaan,1018 CN Amsterdam (Weesperbuurt/Plantage),42 m²,2 rooms,Upholstered,"€1,800 per month"
Apartment Faas Wilkesstraat,1095 MD Amsterdam (Zeeburgereiland/Nieuwe Diep),105 m²,3 rooms,Upholstered,"€2,450 per month"
Apartment Keizersgracht,1015 CW Amsterdam (Grachtengordel-West),80 m²,2 rooms,Furnished,"€2,750 per month"
Apartment Wittgensteinlaan,1062 KA Amsterdam (Westlandgracht),95 m²,3 rooms,Furnished,"€2,000 per month"
Apartment Burgemeester Hogguerstraat,1064 CW Amsterdam (Slotermeer-Zuidwest),50 m²,2 rooms,Furnished,"€1,450 per month"
Apartment Keizersgracht,1016 EG Amsterdam (Grachtengordel-West),270 m²,4 rooms,Upholstered,"€6,000 per month"
Apartment Egelantiersgracht 446,1015 RR Amsterdam (Jordaan),103 m²,3 rooms,Upholstered,"€2,500 per month"
Apartment Paulus Potterstraat 24 2,1071 DA Amsterdam (Museumkwartier),242 m²,4 rooms,Upholstered,"€11,000 per month"
Apartment Amstel,1017 AC Amsterdam (Grachtengordel-Zuid),144 m²,4 rooms,Furnished,"€2,975 per month"
Apartment Jan den Haenstraat 42,1055 WH Amsterdam (Landlust),120 m²,4 rooms,,"€2,500 per month"
Apartment Alexanderkade,1018 CH Amsterdam (Weesperbuurt/Plantage),90 m²,3 rooms,Upholstered,"€1,900 per month"
Apartment Admiraal De Ruijterweg,1056 GN Amsterdam (Geuzenbuurt),74 m²,4 rooms,Upholstered,"€2,095 per month"
Apartment Lange Leidsedwarsstraat,1017 NR Amsterdam (De Weteringschans),100 m²,3 rooms,Furnished,"€2,700 per month"
Apartment Czaar Peterstraat 156 huis,1018 PW Amsterdam (Oostelijke Eilanden/Kadijken),37 m²,2 rooms,Upholstered,"€1,650 per month"
Apartment Nieuwe Prinsengracht,1018 VV Amsterdam (Weesperbuurt/Plantage),63 m²,2 rooms,,"€2,300 per month"
Apartment Haarlemmerweg 49 2,1051 KP Amsterdam (Staatsliedenbuurt),54 m²,2 rooms,Furnished,"€1,800 per month"
House Keizersgracht,1016 DR Amsterdam (Grachtengordel-West),65 m²,2 rooms,Furnished,"€1,750 per month"
Apartment Jacob van Lennepkade,1054 ZN Amsterdam (Overtoomse Sluis),47 m²,3 rooms,Upholstered,"€1,850 per month"
Apartment Grootzeilhof,1034 MC Amsterdam (Banne Buiksloot),80 m²,3 rooms,Furnished,"€2,200 per month"
Apartment Eerste Looiersdwarsstraat,1016 VL Amsterdam (Jordaan),65 m²,2 rooms,Furnished,"€2,500 per month"
House Edammerstraat 54,1023 VC Amsterdam (Tuindorp Nieuwendam),64 m²,4 rooms,Furnished,"€1,700 per month"
Apartment Eerste Jan van der Heijdenstraat 116 H,1072 VB Amsterdam (Oude Pijp),83 m²,3 rooms,Furnished,"€3,750 per month"
Apartment Sanderijnstraat,1055 BM Amsterdam (Erasmuspark),65 m²,3 rooms,Upholstered,"€1,895 per month"
Apartment Banstraat 25 B* PP,1071 JW Amsterdam (Museumkwartier),194 m²,4 rooms,,"€11,000 per month"
Apartment Van Baerlestraat,1071 BB Amsterdam (Museumkwartier),55 m²,3 rooms,Upholstered or furnished,"€2,350 per month"
Studio Westerstraat,1015 ML Amsterdam (Jordaan),30 m²,1 room,Upholstered,"€1,350 per month"
Apartment Victorieplein,1079 KM Amsterdam (Scheldebuurt),110 m²,4 rooms,Upholstered,"€3,250 per month"
Studio Westerstraat,1015 ML Amsterdam (Jordaan),30 m²,1 room,Upholstered,"€1,350 per month"
Apartment Zuid-Hollandstraat 62 2,1082 EL Amsterdam (Buitenveldert-West),75 m²,4 rooms,Furnished,"€1,900 per month"
Apartment Hemonylaan,1074 BE Amsterdam (Oude Pijp),58 m²,3 rooms,Upholstered,"€2,075 per month"
Apartment Driehoekstraat 36,1015 GL Amsterdam (Jordaan),50 m²,2 rooms,Furnished,"€1,850 per month"
Apartment Keizersgracht,1017 DT Amsterdam (Grachtengordel-Zuid),91 m²,2 rooms,Furnished,"€2,950 per month"
Apartment Juliana van Stolbergstraat,1055 RM Amsterdam (Landlust),52 m²,3 rooms,Furnished,"€1,750 per month"
Apartment Sarphatipark 133 2,1073 CX Amsterdam (Oude Pijp),70 m²,3 rooms,Upholstered,"€1,850 per month"
Apartment Nieuwe Vijzelstraat,1017 HT Amsterdam (De Weteringschans),80 m²,2 rooms,,"€2,350 per month"
Apartment Bosboom Toussaintstraat,1054 AV Amsterdam (Helmersbuurt),70 m²,4 rooms,Upholstered,"€1,950 per month"
Apartment Keizersgracht,1016 EG Amsterdam (Grachtengordel-West),270 m²,4 rooms,Upholstered,"€6,000 per month"
Apartment Singel,1015 AG Amsterdam (Grachtengordel-West),108 m²,3 rooms,Furnished,"€4,000 per month"
Apartment Prinseneiland,1013 LL Amsterdam (Haarlemmerbuurt),94 m²,3 rooms,Furnished,"€3,000 per month"
Apartment Van Leijenberghlaan 195,1082 GD Amsterdam (Buitenveldert-Oost),113 m²,4 rooms,Upholstered,"€2,175 per month"
Studio Uiterwaardenstraat,1079 CE Amsterdam (Rijnbuurt),37 m²,1 room,Furnished,"€1,449 per month"
Apartment Beemsterstraat 546 a8,1024 BV Amsterdam (Waterlandpleinbuurt),66 m²,2 rooms,Upholstered,€995 per month
Apartment Stadhouderskade 88 H,1073 AV Amsterdam (Oude Pijp),65 m²,3 rooms,,"€2,400 per month"
Apartment Westerdoksdijk 291,1013 AD Amsterdam (Haarlemmerbuurt),69 m²,3 rooms,Furnished,"€2,250 per month"
Apartment Cornelis Vermuydenstraat,1018 RN Amsterdam (Oostelijke Eilanden/Kadijken),75 m²,3 rooms,Furnished,"€2,200 per month"
Apartment Wilhelminastraat,1054 WJ Amsterdam (Helmersbuurt),51 m²,3 rooms,,"€2,150 per month"
Apartment Brachthuijzerstraat 1 I,1075 EN Amsterdam (Willemspark),80 m²,3 rooms,Upholstered,"€2,200 per month"
Apartment Amstelveenseweg,1081 JN Amsterdam (Buitenveldert-West),99 m²,3 rooms,Furnished,"€3,000 per month"
Apartment Keizersgracht,1015 CN Amsterdam (Grachtengordel-West),109 m²,3 rooms,Furnished,"€2,800 per month"
Apartment Eerste Weteringdwarsstraat,1017 TM Amsterdam (De Weteringschans),60 m²,3 rooms,Furnished,"€2,450 per month"
House Kerstomaatplantsoen,"1104 VE Amsterdam (Bijlmer Oost (E,G,K))",107 m²,4 rooms,Upholstered or furnished,"€1,950 per month"
Apartment Kloveniersburgwal,1011 JX Amsterdam (Nieuwmarkt/Lastage),100 m²,2 rooms,Upholstered,"€2,595 per month"
Apartment Kinkerstraat,1053 DR Amsterdam (Van Lennepbuurt),70 m²,3 rooms,Upholstered or furnished,"€2,500 per month"
Apartment Gerard Doustraat,1073 XA Amsterdam (Oude Pijp),56 m²,2 rooms,Furnished,"€2,000 per month"
Apartment Krombekstraat,"1104 KT Amsterdam (Bijlmer Oost (E,G,K))",65 m²,2 rooms,Upholstered,"€1,850 per month"
Apartment Sint Nicolaasstraat 2 B,1012 NK Amsterdam (Burgwallen-Nieuwe Zijde),100 m²,4 rooms,Upholstered,"€2,500 per month"
Apartment Sprinklerstraat,1019 VR Amsterdam (Indische Buurt Oost),94 m²,3 rooms,Furnished,"€2,500 per month"
House Bloemgracht 172,1015 TV Amsterdam (Jordaan),202 m²,8 rooms,Upholstered,"€6,000 per month"
Apartment Groen van Prinstererstraat,1051 EH Amsterdam (Staatsliedenbuurt),73 m²,3 rooms,Furnished,"€2,400 per month"
Apartment Korte Ouderkerkerdijk 1 W2,1096 AC Amsterdam (Omval/Overamstel),196 m²,4 rooms,Upholstered,"€9,950 per month"
Apartment Dusartstraat,1072 HV Amsterdam (Nieuwe Pijp),75 m²,3 rooms,Upholstered,"€2,500 per month"
Apartment Rheastraat 24,1076 DS Amsterdam (Stadionbuurt),125 m²,3 rooms,Furnished,"€2,750 per month"
Apartment Banstraat 55 II,1071 JX Amsterdam (Museumkwartier),75 m²,2 rooms,Upholstered or furnished,"€2,100 per month"
Apartment NDSM-pier,1033 RE Amsterdam (Noordelijke IJ-oevers West),65 m²,4 rooms,Upholstered,"€1,740 per month"
Apartment NDSM-pier,1033 RE Amsterdam (Noordelijke IJ-oevers West),110 m²,4 rooms,Upholstered,"€2,450 per month"
Apartment NDSM-pier,1033 RE Amsterdam (Noordelijke IJ-oevers West),129 m²,4 rooms,Upholstered,"€3,400 per month"
House H. Stolleplantsoen,1022 KK Amsterdam (Elzenhagen),185 m²,7 rooms,Upholstered,"€2,650 per month"
Apartment Keizersgracht,1016 EG Amsterdam (Grachtengordel-West),270 m²,4 rooms,Upholstered,"€6,000 per month"
Apartment Keizersgracht 633 A,1017 DS Amsterdam (Grachtengordel-Zuid),54 m²,2 rooms,Upholstered,"€3,400 per month"
Apartment Herengracht 449 B,1017 BR Amsterdam (Grachtengordel-Zuid),200 m²,5 rooms,Upholstered,"€3,850 per month"
Apartment Johannes Verhulststraat 157 3,1075 GW Amsterdam (Willemspark),168 m²,4 rooms,Furnished,"€5,500 per month"
Apartment Blasiusstraat,1091 CR Amsterdam (Weesperzijde),66 m²,3 rooms,Furnished,"€2,150 per month"
Apartment Jennerstraat,1097 GB Amsterdam (Frankendael),108 m²,6 rooms,,"€2,300 per month"
Apartment Jacob van Lennepkade,1054 ZT Amsterdam (Overtoomse Sluis),65 m²,2 rooms,Furnished,"€2,075 per month"
Apartment Reguliersdwarsstraat 100 C,1017 BN Amsterdam (Grachtengordel-Zuid),104 m²,3 rooms,Upholstered,"€3,250 per month"
Apartment Reguliersdwarsstraat 98 F,1017 BN Amsterdam (Grachtengordel-Zuid),85 m²,3 rooms,Upholstered,"€2,750 per month"
Apartment Reguliersdwarsstraat 98 D,1017 BN Amsterdam (Grachtengordel-Zuid),91 m²,3 rooms,Upholstered,"€2,950 per month"
Apartment Reguliersdwarsstraat 100 E,1017 BN Amsterdam (Grachtengordel-Zuid),65 m²,3 rooms,Upholstered,"€2,150 per month"
Apartment Reguliersdwarsstraat 100 D,1017 BN Amsterdam (Grachtengordel-Zuid),97 m²,3 rooms,Upholstered,"€3,100 per month"
Apartment Reguliersdwarsstraat 100 F,1017 BN Amsterdam (Grachtengordel-Zuid),66 m²,3 rooms,,"€2,150 per month"
Apartment Reguliersdwarsstraat 98 E,1017 BN Amsterdam (Grachtengordel-Zuid),85 m²,3 rooms,Upholstered,"€2,750 per month"
Apartment Reguliersdwarsstraat 98 C,1017 BN Amsterdam (Grachtengordel-Zuid),92 m²,3 rooms,Upholstered,"€2,950 per month"
Apartment Reguliersdwarsstraat 98 B,1017 BN Amsterdam (Grachtengordel-Zuid),92 m²,3 rooms,Upholstered,"€2,950 per month"
Apartment Reguliersdwarsstraat 98 A,1017 BN Amsterdam (Grachtengordel-Zuid),92 m²,3 rooms,Upholstered,"€2,950 per month"
Apartment Fagelstraat 94 3,1052 GJ Amsterdam (Frederik Hendrikbuurt),92 m²,3 rooms,Furnished,"€2,500 per month"
Apartment Leidsekruisstraat,1017 RJ Amsterdam (De Weteringschans),57 m²,3 rooms,,"€2,000 per month"
Apartment Prins Hendrikkade,1011 AN Amsterdam (Nieuwmarkt/Lastage),65 m²,3 rooms,Furnished,"€2,250 per month"
Apartment Parnassusweg,1076 AS Amsterdam (Stadionbuurt),100 m²,4 rooms,Upholstered,"€2,650 per month"
Apartment Corellistraat 3 3,1077 HA Amsterdam (Apollobuurt),181 m²,7 rooms,Upholstered,"€6,000 per month"
Apartment Lindenhoevestraat,1096 DV Amsterdam (Omval/Overamstel),121 m²,4 rooms,Furnished,"€2,750 per month"
Apartment Prinsengracht,1017 JJ Amsterdam (Grachtengordel-Zuid),72 m²,2 rooms,Furnished,"€2,500 per month"
Apartment Frans van Mierisstraat 69 II,1071 RL Amsterdam (Museumkwartier),187 m²,5 rooms,Upholstered,"€4,850 per month"
Apartment Spuistraat,1012 SV Amsterdam (Burgwallen-Nieuwe Zijde),65 m²,2 rooms,Furnished,"€1,675 per month"
Apartment Herengracht 579 1,1017 CD Amsterdam (Grachtengordel-Zuid),127 m²,3 rooms,Furnished,"€5,400 per month"
Apartment Mary van der Sluisstraat 510,1095 ME Amsterdam (Zeeburgereiland/Nieuwe Diep),83 m²,3 rooms,Furnished,"€2,300 per month"
Apartment Koninginneweg 143 bov,1075 CM Amsterdam (Willemspark),138 m²,5 rooms,Furnished,"€3,650 per month"
Apartment Ben van Meerendonkstraat,1087 LN Amsterdam (IJburg Zuid),240 m²,5 rooms,Furnished,"€4,950 per month"
House Dilsenstraat 16,1066 KC Amsterdam (Sloter-/Riekerpolder),140 m²,5 rooms,Upholstered,"€2,450 per month"
Apartment Keizersgracht,1016 EG Amsterdam (Grachtengordel-West),270 m²,4 rooms,Upholstered,"€6,000 per month"
Apartment Lijnbaansgracht,1016 XA Amsterdam (Jordaan),95 m²,3 rooms,Furnished,"€2,700 per month"
House Solitudolaan,1096 DS Amsterdam (Omval/Overamstel),156 m²,3 rooms,Furnished,"€3,975 per month"
Apartment Looiersgracht,1016 VS Amsterdam (Jordaan),85 m²,3 rooms,Upholstered,"€3,250 per month"
Apartment Badhuiskade 187,1031 KV Amsterdam (Noordelijke IJ-oevers West),54 m²,1 room,Upholstered,"€1,850 per month"
Apartment Bos en Lommerplein,1055 EK Amsterdam (Landlust),97 m²,4 rooms,Furnished,"€2,850 per month"
Apartment Keizersgracht 634 D,1017 ER Amsterdam (Grachtengordel-Zuid),60 m²,2 rooms,Furnished,"€2,750 per month"
Apartment Zeeburgerdijk 78 I,1094 AG Amsterdam (Indische Buurt West),45 m²,2 rooms,Furnished,"€1,750 per month"
House Leidsegracht 55,1017 NB Amsterdam (Grachtengordel-Zuid),190 m²,7 rooms,Upholstered or furnished,"€5,100 per month"
Apartment Het Breed,1025 HW Amsterdam (Buikslotermeer),62 m²,2 rooms,,"€1,925 per month"
Apartment Nassaukade 155 2,1053 LK Amsterdam (Da Costabuurt),70 m²,2 rooms,Upholstered,"€1,850 per month"
Apartment Surinameplein,1058 GH Amsterdam (Hoofddorppleinbuurt),70 m²,3 rooms,Furnished,"€2,100 per month"
Apartment Nicolaas Maesstraat,1071 RG Amsterdam (Museumkwartier),98 m²,3 rooms,Upholstered,"€3,150 per month"
Apartment Rozengracht,1016 SZ Amsterdam (Jordaan),80 m²,2 rooms,Furnished,"€2,500 per month"
Apartment Haarlemmerdijk,1013 KC Amsterdam (Haarlemmerbuurt),60 m²,3 rooms,Upholstered,"€2,150 per month"
House Peter Martensstraat 14 2 pp,1087 NA Amsterdam (IJburg Zuid),150 m²,6 rooms,Upholstered,"€3,100 per month"
Apartment Bronckhorststraat,1071 WL Amsterdam (Museumkwartier),92 m²,3 rooms,Upholstered,"€2,750 per month"
Apartment Van de Veldestraat 7 bv,1071 CW Amsterdam (Museumkwartier),190 m²,6 rooms,Upholstered,"€4,750 per month"
Apartment Grensstraat,1091 SZ Amsterdam (Weesperzijde),53 m²,2 rooms,Upholstered,"€1,575 per month"
Apartment Buitenzagerij 64,1021 NR Amsterdam (IJplein/Vogelbuurt),60 m²,2 rooms,Upholstered or furnished,"€1,600 per month"
Apartment Kea Boumanstraat,1095 MA Amsterdam (Zeeburgereiland/Nieuwe Diep),140 m²,4 rooms,Upholstered or furnished,"€2,400 per month"
Apartment J.J. Cremerplein,1054 TL Amsterdam (Overtoomse Sluis),96 m²,3 rooms,Furnished,"€2,950 per month"
Apartment Kromme-Mijdrechtstraat 65 H,1079 KR Amsterdam (Rijnbuurt),78 m²,3 rooms,,"€2,350 per month"
Apartment Zocherstraat,1054 LR Amsterdam (Overtoomse Sluis),80 m²,3 rooms,Upholstered,"€2,500 per month"
Apartment Stadhouderskade 128 I,1074 AV Amsterdam (Oude Pijp),75 m²,3 rooms,Upholstered,"€2,350 per month"
Apartment Prinsengracht 475 I,1016 HP Amsterdam (Grachtengordel-West),80 m²,2 rooms,Upholstered or furnished,"€2,750 per month"
Apartment Vijzelgracht 33 3,1017 HN Amsterdam (De Weteringschans),93 m²,3 rooms,,"€2,275 per month"
Apartment Lodewijk Boisotstraat 21,1057 ZM Amsterdam (Chassébuurt),85 m²,3 rooms,Upholstered,"€2,350 per month"
Apartment Johannes Verhulststraat 187 H,1075 GZ Amsterdam (Willemspark),232 m²,7 rooms,,"€7,000 per month"
Apartment Tuinstraat 30 2,1015 PE Amsterdam (Jordaan),111 m²,3 rooms,Furnished,"€2,750 per month"
House Amstel 49,1011 PW Amsterdam (Nieuwmarkt/Lastage),125 m²,4 rooms,Upholstered or furnished,"€4,950 per month"
Apartment Keizersgracht,1016 EG Amsterdam (Grachtengordel-West),270 m²,4 rooms,Upholstered,"€6,000 per month"
House Sassenheimstraat 40 2,1059 BJ Amsterdam (Hoofddorppleinbuurt),56 m²,2 rooms,Furnished,"€1,800 per month"
Apartment Kuipersstraat,1073 EV Amsterdam (Nieuwe Pijp),45 m²,3 rooms,,"€1,600 per month"
Apartment Nicolaas Maesstraat 77 II-III,1071 PS Amsterdam (Museumkwartier),185 m²,6 rooms,Furnished,"€5,750 per month"
House Nederhoven,1083 AM Amsterdam (Buitenveldert-Oost),336 m²,11 rooms,,"€8,500 per month"
Apartment Jan van Zutphenstraat,1069 RS Amsterdam (Osdorp-Midden),118 m²,1 room,,"€2,500 per month"
Apartment Herengracht,1016 BE Amsterdam (Grachtengordel-West),104 m²,1 room,Furnished,"€3,750 per month"
Apartment Reguliersgracht 78 B,1017 LV Amsterdam (Grachtengordel-Zuid),141 m²,4 rooms,Furnished,"€5,500 per month"
Apartment Banne Buikslootlaan,1034 AB Amsterdam (Banne Buiksloot),72 m²,3 rooms,,"€1,750 per month"
Apartment Eerste Helmersstraat 41 3,1054 DA Amsterdam (Helmersbuurt),100 m²,3 rooms,Upholstered,"€2,450 per month"
Apartment Bredeweg 43 II,1098 BN Amsterdam (Middenmeer),134 m²,5 rooms,Upholstered,"€3,250 per month"
Apartment Admiraal De Ruijterweg,1055 MP Amsterdam (Landlust),139 m²,5 rooms,Furnished,"€3,500 per month"
Apartment Laagte Kadijk,1018 BB Amsterdam (Oostelijke Eilanden/Kadijken),75 m²,3 rooms,Furnished,"€2,250 per month"
Apartment IJburglaan,1087 EN Amsterdam (IJburg West),96 m²,3 rooms,Furnished,"€2,100 per month"
Apartment Eerste Atjehstraat,1094 KD Amsterdam (Indische Buurt West),65 m²,3 rooms,Furnished,"€2,000 per month"
Apartment Reestraat,1016 DM Amsterdam (Grachtengordel-West),70 m²,2 rooms,Furnished,"€1,950 per month"
Apartment Pijlsteeg 6,1012 HH Amsterdam (Burgwallen-Oude Zijde),60 m²,2 rooms,Furnished,"€2,250 per month"
Apartment Céramiquelaan 211,1031 KG Amsterdam (Noordelijke IJ-oevers West),250 m²,4 rooms,Furnished,"€15,000 per month"
Apartment Rhijnvis Feithstraat 24 E,1054 TX Amsterdam (Overtoomse Sluis),52 m²,2 rooms,Upholstered or furnished,"€2,500 per month"
Apartment Stadionkade,1076 BJ Amsterdam (Stadionbuurt),100 m²,3 rooms,Upholstered,"€2,975 per month"
Apartment Westerstraat,1015 LW Amsterdam (Jordaan),49 m²,3 rooms,Furnished,"€1,900 per month"
Apartment Nieuwezijds Voorburgwal,1012 RZ Amsterdam (Burgwallen-Nieuwe Zijde),60 m²,2 rooms,Furnished,"€1,975 per month"
Apartment Eerste Van Swindenstraat 76 H,1093 GH Amsterdam (Dapperbuurt),59 m²,3 rooms,,"€2,300 per month"
House Jan Hanzenstraat 127,1053 SP Amsterdam (Kinkerbuurt),60 m²,2 rooms,Furnished,"€2,550 per month"
Apartment Mercuriusplein 3 C,1033 AZ Amsterdam (Tuindorp Oostzaan),47 m²,2 rooms,Shell,"€1,240 per month"
Apartment Finsenstraat 74,1098 RJ Amsterdam (Middenmeer),120 m²,4 rooms,Upholstered,"€2,750 per month"
Apartment Nieuwendijk 36 2,1012 ML Amsterdam (Burgwallen-Nieuwe Zijde),90 m²,4 rooms,Upholstered,"€2,750 per month"
Apartment IJselstraat 34 L,1078 CJ Amsterdam (IJselbuurt),70 m²,3 rooms,Upholstered or furnished,"€2,300 per month"
Apartment Van Nijenrodeweg,1083 EL Amsterdam (Buitenveldert-Oost),88 m²,3 rooms,Furnished,"€1,850 per month"
Apartment Esther de Boer-van Rijkstraat,1065 GN Amsterdam (Slotervaart Zuid),66 m²,3 rooms,Furnished,"€1,800 per month"
Apartment Zeeburgerkade 1222,1019 VK Amsterdam (Oostelijk Havengebied),122 m²,4 rooms,Furnished,"€3,000 per month"
Apartment Keizersgracht,1016 EG Amsterdam (Grachtengordel-West),270 m²,4 rooms,Upholstered,"€6,000 per month"
Apartment Ruyschstraat 99 3,1091 BZ Amsterdam (Oosterparkbuurt),80 m²,3 rooms,Upholstered or furnished,"€2,600 per month"
Apartment Reyer Anslostraat 17 H,1054 KT Amsterdam (Overtoomse Sluis),117 m²,5 rooms,,"€3,000 per month"
Apartment Nieuwezijds Voorburgwal,1012 RZ Amsterdam (Burgwallen-Nieuwe Zijde),100 m²,3 rooms,Furnished,"€3,000 per month"
Apartment Nieuwezijds Voorburgwal 18 B,1012 RZ Amsterdam (Burgwallen-Nieuwe Zijde),100 m²,3 rooms,Furnished,"€3,000 per month"
Apartment Nieuwezijds Voorburgwal 18 D,1012 RZ Amsterdam (Burgwallen-Nieuwe Zijde),100 m²,3 rooms,Furnished,"€3,250 per month"
Apartment Elandsgracht,1016 TV Amsterdam (Jordaan),100 m²,3 rooms,Furnished,"€2,750 per month"
Apartment Staringstraat,1054 VR Amsterdam (Overtoomse Sluis),75 m²,3 rooms,Shell,"€1,800 per month"
Apartment Bloemgracht,1015 TJ Amsterdam (Jordaan),87 m²,3 rooms,Furnished,"€2,500 per month"
Apartment Haarlemmerdijk,1013 JK Amsterdam (Haarlemmerbuurt),50 m²,2 rooms,Upholstered,"€1,600 per month"
Apartment Galvanistraat 4 H,1098 NL Amsterdam (Middenmeer),90 m²,4 rooms,Upholstered,"€2,250 per month"
Apartment Ceintuurbaan 93 3+4,1072 EX Amsterdam (Oude Pijp),95 m²,3 rooms,,"€2,495 per month"
Apartment Herengracht,1017 BS Amsterdam (Grachtengordel-Zuid),55 m²,2 rooms,Upholstered or furnished,"€1,950 per month"
Apartment Zeeburgerkade,1019 HR Amsterdam (Oostelijk Havengebied),107 m²,3 rooms,Upholstered,"€2,000 per month"
Apartment Valeriusstraat 60 II,1071 ML Amsterdam (Museumkwartier),130 m²,5 rooms,Upholstered,"€3,950 per month"
Apartment Beethovenstraat,1077 JW Amsterdam (Apollobuurt),120 m²,4 rooms,Furnished,"€2,250 per month"
Apartment Louis Davidsstraat,1068 SJ Amsterdam (Osdorp-Oost),60 m²,2 rooms,,"€2,250 per month"
Apartment Boomstraat 23 A,1015 LA Amsterdam (Jordaan),125 m²,5 rooms,Furnished,"€3,850 per month"
Apartment Reyer Anslostraat 17 2,1054 KT Amsterdam (Overtoomse Sluis),112 m²,4 rooms,,"€2,750 per month"
Apartment Saxenburgerstraat 12 1,1054 KP Amsterdam (Overtoomse Sluis),65 m²,2 rooms,Furnished,"€2,250 per month"
Apartment Schierstins,1082 TE Amsterdam (Buitenveldert-West),63 m²,3 rooms,Furnished,"€1,600 per month"
Apartment Weesperzijde,1091 EJ Amsterdam (Weesperzijde),78 m²,3 rooms,Upholstered,"€2,500 per month"
House Linnaeusparkweg,1098 EP Amsterdam (Middenmeer),111 m²,3 rooms,,"€2,500 per month"
Apartment Saxen-Weimarlaan 20,1075 CB Amsterdam (Willemspark),170 m²,6 rooms,Furnished,"€5,000 per month"
Apartment Tuinstraat 179 3,1015 PC Amsterdam (Jordaan),105 m²,3 rooms,Furnished,"€3,500 per month"
Apartment Papaverweg,1032 KH Amsterdam (Volewijck),40 m²,2 rooms,Upholstered,"€1,395 per month"
Apartment Prinseneiland 50 2L,1013 LR Amsterdam (Haarlemmerbuurt),110 m²,3 rooms,Furnished,"€2,500 per month"
House Balearenlaan 82,1060 TM Amsterdam (Middelveldsche Akerpolder),210 m²,7 rooms,Furnished,"€2,500 per month"
Apartment Koningin Wilhelminaplein,1062 KS Amsterdam (Westlandgracht),80 m²,3 rooms,,"€2,100 per month"
Apartment Hagedoornplein 20,1031 BV Amsterdam (Volewijck),141 m²,5 rooms,Upholstered,"€4,000 per month"
Apartment Kalkmarkt,1011 BC Amsterdam (Nieuwmarkt/Lastage),125 m²,5 rooms,Furnished,"€2,450 per month"
Apartment Keizersgracht,1016 EG Amsterdam (Grachtengordel-West),270 m²,4 rooms,Upholstered,"€6,000 per month"
Apartment Kalkmarkt,1011 BC Amsterdam (Nieuwmarkt/Lastage),95 m²,3 rooms,Furnished,"€2,150 per month"
Apartment Willem Frederik Hermansstraat,1011 DG Amsterdam (Nieuwmarkt/Lastage),170 m²,5 rooms,Furnished,"€5,000 per month"
Apartment Ponserstraat 26,1033 DL Amsterdam (Tuindorp Oostzaan),60 m²,2 rooms,Furnished,"€1,750 per month"
Apartment Willem Frederik Hermansstraat,1011 DG Amsterdam (Nieuwmarkt/Lastage),68 m²,2 rooms,Furnished,"€2,150 per month"
Apartment Ridderspoorweg,1032 LL Amsterdam (Noordelijke IJ-oevers West),98 m²,3 rooms,Furnished,"€3,250 per month"
Apartment Koninginneweg 225 2,1075 CS Amsterdam (Willemspark),75 m²,3 rooms,Furnished,"€3,250 per month"
Apartment Rosmarijnsteeg,1012 RP Amsterdam (Burgwallen-Nieuwe Zijde),50 m²,2 rooms,Furnished,"€2,100 per month"
Apartment Stadionweg 37 III,1077 RW Amsterdam (Apollobuurt),232 m²,6 rooms,Upholstered,"€6,250 per month"
Apartment Boutenburg 231,1068 ZE Amsterdam (Osdorp-Oost),65 m²,3 rooms,Furnished,"€2,000 per month"
Apartment Bellamystraat,1053 BG Amsterdam (Kinkerbuurt),100 m²,4 rooms,,"€3,950 per month"
Apartment Rubensstraat,1077 MV Amsterdam (Apollobuurt),127 m²,5 rooms,Furnished,"€3,750 per month"
Apartment Hemonystraat 1 II,1074 BK Amsterdam (Oude Pijp),110 m²,4 rooms,Upholstered,"€2,750 per month"
Apartment Juliana van Stolbergstraat,1055 RM Amsterdam (Landlust),52 m²,3 rooms,Furnished,"€2,975 per month"
Apartment Tommaso Albinonistraat 164 2 pp,1083 HM Amsterdam (Zuidas),177 m²,3 rooms,Furnished,"€7,750 per month"
Studio Schaarsbergenstraat 39,1107 JS Amsterdam (Holendrecht/Reigersbos),34 m²,1 room,Furnished,"€1,200 per month"
Apartment Scheldestraat,1078 GE Amsterdam (Scheldebuurt),89 m²,4 rooms,Upholstered,"€2,500 per month"
Apartment Gaaspstraat 25 1,1079 VB Amsterdam (Rijnbuurt),51 m²,3 rooms,Upholstered,"€1,950 per month"
Apartment Gustav Mahlerlaan,1082 ME Amsterdam (Zuidas),112 m²,3 rooms,Furnished,"€3,950 per month"
Apartment Leidsekade 102 D,1017 PP Amsterdam (De Weteringschans),141 m²,3 rooms,Furnished,"€4,500 per month"
Apartment Weteringschans,1017 RW Amsterdam (De Weteringschans),70 m²,3 rooms,Upholstered,"€2,200 per month"
Apartment Bankastraat,1094 EB Amsterdam (Indische Buurt West),60 m²,2 rooms,,"€1,600 per month"
Apartment Vrolikstraat 290 2,1092 VA Amsterdam (Oosterparkbuurt),54 m²,3 rooms,Furnished,"€2,100 per month"
House Leidsegracht,1016 CP Amsterdam (Grachtengordel-West),201 m²,6 rooms,,"€6,000 per month"
Apartment Reyer Anslostraat 19 hs,1054 KT Amsterdam (Overtoomse Sluis),103 m²,3 rooms,,"€2,850 per month"
Apartment Volewijkshof 33,1031 AG Amsterdam (Volewijck),75 m²,3 rooms,,"€1,600 per month"
Apartment Kastelenstraat 307 3,1082 EH Amsterdam (Buitenveldert-West),75 m²,3 rooms,,"€1,650 per month"
Apartment Kuipersstraat,1074 EK Amsterdam (Nieuwe Pijp),77 m²,3 rooms,Upholstered,"€2,750 per month"
Apartment Cornelis Vermuydenstraat,1018 RN Amsterdam (Oostelijke Eilanden/Kadijken),75 m²,3 rooms,Furnished,"€2,200 per month"
Apartment Derde Helmersstraat,1054 BM Amsterdam (Helmersbuurt),122 m²,4 rooms,Upholstered,"€4,000 per month"
Apartment Eerste Helmersstraat 289 2,1054 EA Amsterdam (Overtoomse Sluis),70 m²,3 rooms,Furnished,"€2,950 per month"
Apartment Keizersgracht,1016 EG Amsterdam (Grachtengordel-West),270 m²,4 rooms,Upholstered,"€6,000 per month"
Apartment Prins Hendrikkade 167 A,1011 TB Amsterdam (Nieuwmarkt/Lastage),120 m²,4 rooms,Upholstered,"€2,000 per month"
House Herengracht 315,1016 AV Amsterdam (Grachtengordel-West),170 m²,4 rooms,Upholstered,"€3,250 per month"
House Pythagorasstraat,1098 GB Amsterdam (Middenmeer),106 m²,4 rooms,Upholstered,"€3,250 per month"
Apartment Ceintuurbaan,1074 CZ Amsterdam (Oude Pijp),178 m²,5 rooms,,"€3,250 per month"
Apartment Marnixstraat 198 3,1016 TJ Amsterdam (Jordaan),119 m²,3 rooms,Furnished,"€2,600 per month"
Apartment Lauriergracht 92 H,1016 RN Amsterdam (Jordaan),150 m²,5 rooms,Furnished,"€4,350 per month"
Apartment Admiraal De Ruijterweg 89 3,1056 ET Amsterdam (Geuzenbuurt),63 m²,2 rooms,Furnished,"€1,800 per month"
House Singel 377,1012 WL Amsterdam (Burgwallen-Nieuwe Zijde),115 m²,4 rooms,Upholstered or furnished,"€3,450 per month"
Apartment Admiraliteitstraat,1018 KP Amsterdam (Oostelijke Eilanden/Kadijken),60 m²,2 rooms,Upholstered,"€1,675 per month"
Apartment Brittenburg 5,1082 BS Amsterdam (Buitenveldert-West),67 m²,3 rooms,Furnished,"€1,850 per month"
House Genhoes 4,1082 BC Amsterdam (Buitenveldert-West),342 m²,8 rooms,Upholstered,"€14,000 per month"
Studio Ferdinand Bolstraat,1072 LJ Amsterdam (Oude Pijp),40 m²,1 room,,"€1,800 per month"
Apartment Saxenburgerstraat,1054 KM Amsterdam (Overtoomse Sluis),116 m²,4 rooms,Furnished,"€3,000 per month"
Apartment Van Tuyll van Serooskerkenweg 62 1,1076 JN Amsterdam (Stadionbuurt),80 m²,3 rooms,Furnished,"€2,400 per month"
Apartment Brouwersgracht,1013 HC Amsterdam (Haarlemmerbuurt),101 m²,3 rooms,Furnished,"€3,000 per month"
Apartment J.F. van Hengelstraat,1019 DC Amsterdam (Oostelijk Havengebied),140 m²,3 rooms,Upholstered,"€2,795 per month"
House Keverberg,1082 BD Amsterdam (Buitenveldert-West),170 m²,5 rooms,Upholstered,"€3,500 per month"
Apartment Arent Janszoon Ernststraat 43,1083 GP Amsterdam (Buitenveldert-Oost),135 m²,4 rooms,Furnished,"€2,800 per month"
Apartment Amstel,1018 ES Amsterdam (Weesperbuurt/Plantage),82 m²,3 rooms,Furnished,"€2,950 per month"
Apartment Vierwindenstraat,1013 LA Amsterdam (Haarlemmerbuurt),236 m²,9 rooms,Furnished,"€7,500 per month"
House Adriënne Solserhof 2,1087 MT Amsterdam (IJburg Zuid),176 m²,4 rooms,Upholstered,"€3,750 per month"
Apartment Cornelis Schuytstraat,1071 JH Amsterdam (Museumkwartier),142 m²,4 rooms,,"€4,250 per month"
Apartment H. Cleyndertweg 589,1025 DX Amsterdam (Buikslotermeer),81 m²,4 rooms,Furnished,"€2,000 per month"
Apartment Nieuwe Oostenburgerstraat 1 D,1018 MB Amsterdam (Oostelijke Eilanden/Kadijken),120 m²,5 rooms,,"€3,000 per month"
Apartment Korte Prinsengracht 46 A,1013 GT Amsterdam (Haarlemmerbuurt),170 m²,5 rooms,,"€4,675 per month"
Apartment Van Hallstraat,1051 GX Amsterdam (Staatsliedenbuurt),50 m²,2 rooms,Furnished,"€1,975 per month"
Apartment Marskramerstraat,1033 WG Amsterdam (Oostzanerwerf),196 m²,6 rooms,,"€3,000 per month"
Apartment Keizersgracht,1017 ES Amsterdam (Grachtengordel-Zuid),78 m²,2 rooms,Furnished,"€2,750 per month"
Apartment Keizersgracht,1017 ES Amsterdam (Grachtengordel-Zuid),80 m²,2 rooms,Furnished,"€2,600 per month"
Apartment Pieter de Hoochstraat,1071 ED Amsterdam (Museumkwartier),130 m²,3 rooms,Furnished,"€3,700 per month"
Apartment Keizersgracht,1016 EG Amsterdam (Grachtengordel-West),270 m²,4 rooms,Upholstered,"€6,000 per month"
Apartment Hogewerf,1082 NG Amsterdam (Buitenveldert-Oost),85 m²,2 rooms,Furnished,"€2,250 per month"
House Akerpolderstraat,1066 ET Amsterdam (Sloter-/Riekerpolder),169 m²,6 rooms,Upholstered,"€2,700 per month"
Apartment Prinsengracht 533 I,1016 HS Amsterdam (Grachtengordel-West),40 m²,2 rooms,Upholstered or furnished,"€1,900 per month"
House Pijlkruidstraat 1,1087 CE Amsterdam (IJburg West),135 m²,5 rooms,Upholstered,"€2,750 per month"
Apartment Lucellestraat,1055 HX Amsterdam (Landlust),59 m²,3 rooms,Upholstered,"€2,000 per month"
Apartment Cornelis Schuytstraat 25 2+3,1071 JD Amsterdam (Museumkwartier),150 m²,4 rooms,Upholstered,"€3,950 per month"
House Johannes Verhulststraat 151 H,1075 GW Amsterdam (Willemspark),255 m²,10 rooms,Upholstered,"€11,000 per month"
House Schapenburgerpad 20,1071 ZA Amsterdam (Museumkwartier),198 m²,6 rooms,Upholstered or furnished,"€4,000 per month"
Apartment Gustav Mahlerplein 285 PH,1082 MS Amsterdam (Zuidas),193 m²,4 rooms,Furnished,"€8,000 per month"
Apartment Prinsengracht,1017 JV Amsterdam (Grachtengordel-Zuid),110 m²,3 rooms,Upholstered,"€3,000 per month"
Apartment Tweede Jan Steenstraat 25 H,1073 VL Amsterdam (Oude Pijp),83 m²,3 rooms,Furnished,"€2,675 per month"
Apartment Pieter Cornelisz. Hooftstraat,1071 BM Amsterdam (Museumkwartier),70 m²,3 rooms,,"€2,495 per month"
Apartment Van Baerlestraat 14 3,1071 AW Amsterdam (Museumkwartier),162 m²,4 rooms,Upholstered,"€2,800 per month"
Apartment Den Texstraat 8 B,1017 ZA Amsterdam (De Weteringschans),126 m²,3 rooms,Upholstered or furnished,"€3,400 per month"
Apartment Nieuwendijk,1012 MP Amsterdam (Burgwallen-Nieuwe Zijde),92 m²,3 rooms,Furnished,"€3,000 per month"
Apartment Leliegracht 25 B,1016 GR Amsterdam (Grachtengordel-West),92 m²,2 rooms,,"€2,850 per month"
Apartment Bilderdijkkade,1053 VK Amsterdam (Van Lennepbuurt),115 m²,2 rooms,Furnished,"€2,700 per month"
Apartment Solitudolaan,1096 DS Amsterdam (Omval/Overamstel),204 m²,7 rooms,,"€6,500 per month"
House Lindenstraat 3 PP,1015 KV Amsterdam (Jordaan),144 m²,9 rooms,Upholstered or furnished,"€4,500 per month"
Apartment Baarsjesweg,1058 AD Amsterdam (Westindische Buurt),50 m²,2 rooms,Furnished,"€2,500 per month"
Apartment Rooseveltlaan,1079 AB Amsterdam (Scheldebuurt),143 m²,5 rooms,Upholstered,"€2,800 per month"
Apartment Rustenburgerstraat 145,1073 EX Amsterdam (Nieuwe Pijp),87 m²,3 rooms,Upholstered,"€2,450 per month"
Apartment Herengracht 579 3,1017 CD Amsterdam (Grachtengordel-Zuid),110 m²,3 rooms,Upholstered or furnished,"€3,950 per month"
Apartment IJburglaan,1087 CE Amsterdam (IJburg West),110 m²,2 rooms,Furnished,"€2,600 per month"
Apartment Van Boshuizenstraat,1082 AR Amsterdam (Buitenveldert-Oost),102 m²,3 rooms,Furnished,"€2,450 per month"
Apartment Koningslaan 24 C,1075 AD Amsterdam (Willemspark),83 m²,3 rooms,Upholstered,"€3,950 per month"
Apartment Sarphatistraat,1018 GK Amsterdam (Weesperbuurt/Plantage),142 m²,5 rooms,Furnished,"€4,950 per month"
Apartment Singel,1016 AC Amsterdam (Grachtengordel-West),105 m²,4 rooms,Furnished,"€3,450 per month"
Apartment Keizersgracht 114,1015 CV Amsterdam (Grachtengordel-West),80 m²,4 rooms,Furnished,"€3,000 per month"
Apartment Orteliusstraat 221 3,1056 NR Amsterdam (Van Galenbuurt),60 m²,2 rooms,Furnished,"€1,850 per month"
Apartment Keizersgracht,1016 EG Amsterdam (Grachtengordel-West),270 m²,4 rooms,Upholstered,"€6,000 per month"
House Simon Stevinstraat 33 hs,1097 BX Amsterdam (Frankendael),138 m²,5 rooms,Upholstered,"€3,250 per month"
Apartment Van Baerlestraat 72 D,1071 BA Amsterdam (Museumkwartier),150 m²,3 rooms,Upholstered,"€3,500 per month"
Apartment Minervalaan,1077 PK Amsterdam (Apollobuurt),140 m²,3 rooms,Upholstered,"€3,950 per month"
Apartment Vossiusstraat 39 hs,1071 AH Amsterdam (Museumkwartier),260 m²,7 rooms,Upholstered,"€6,500 per month"
Apartment Herengracht,1017 CD Amsterdam (Grachtengordel-Zuid),125 m²,3 rooms,Furnished,"€5,400 per month"
House Valeriusplein,1075 BJ Amsterdam (Willemspark),366 m²,6 rooms,Upholstered,"€7,000 per month"
Apartment Nicolaas Witsenkade,1017 ZS Amsterdam (De Weteringschans),200 m²,6 rooms,Furnished,"€7,950 per month"
Apartment Minervaplein,1077 TR Amsterdam (Apollobuurt),111 m²,3 rooms,Furnished,"€2,850 per month"
Apartment Singel 91 E,1012 VG Amsterdam (Burgwallen-Nieuwe Zijde),110 m²,2 rooms,Furnished,"€2,850 per month"
Apartment Valeriusstraat 24 hs,1071 MJ Amsterdam (Museumkwartier),148 m²,5 rooms,Upholstered,"€4,500 per month"
House Van Breestraat 139 hs,1071 ZL Amsterdam (Museumkwartier),140 m²,5 rooms,Upholstered,"€4,950 per month"
Apartment Wagenstraat,1017 CZ Amsterdam (Grachtengordel-Zuid),90 m²,3 rooms,Upholstered,"€3,100 per month"
Apartment Laan der Hesperiden 16 H,1076 DK Amsterdam (Stadionbuurt),127 m²,3 rooms,Upholstered,"€3,500 per month"
Apartment Oosterpark 62 I,1092 AR Amsterdam (Oosterparkbuurt),85 m²,3 rooms,Furnished,"€3,000 per month"
Apartment Geschutswerf 63,1018 AW Amsterdam (Oostelijke Eilanden/Kadijken),164 m²,2 rooms,,"€3,500 per month"
Apartment Oudeschans 18 III,1011 LA Amsterdam (Nieuwmarkt/Lastage),100 m²,3 rooms,Upholstered or furnished,"€3,500 per month"
Apartment Beemsterstraat 542 F2,1024 BV Amsterdam (Waterlandpleinbuurt),83 m²,3 rooms,,"€1,295 per month"
Apartment Leonardostraat 6 I,1077 EV Amsterdam (Apollobuurt),185 m²,6 rooms,Upholstered,"€4,300 per month"
Apartment Dam,1012 JS Amsterdam (Burgwallen-Oude Zijde),125 m²,3 rooms,Upholstered or furnished,"€5,500 per month"
Apartment Koningin Wilhelminaplein,1062 KS Amsterdam (Westlandgracht),90 m²,3 rooms,Furnished,"€2,250 per month"
Apartment Nieuwe Prinsengracht,1018 VT Amsterdam (Weesperbuurt/Plantage),75 m²,2 rooms,Furnished,"€2,300 per month"
Apartment Evertsweertplantsoen 22,1069 RL Amsterdam (Osdorp-Midden),60 m²,2 rooms,Upholstered or furnished,"€1,849 per month"
Apartment Keizersstraat,1011 GD Amsterdam (Nieuwmarkt/Lastage),100 m²,3 rooms,Furnished,"€2,500 per month"
Apartment Brouwersgracht 180 A,1013 HC Amsterdam (Haarlemmerbuurt),200 m²,4 rooms,Furnished,"€6,500 per month"
House Prinsengracht 264,1016 HH Amsterdam (Jordaan),240 m²,7 rooms,,"€9,500 per month"
Apartment Willemsparkweg,1071 GN Amsterdam (Museumkwartier),185 m²,6 rooms,Upholstered,"€4,950 per month"
Apartment Leeuwenwerf,1018 KA Amsterdam (Oostelijke Eilanden/Kadijken),104 m²,4 rooms,,"€2,450 per month"
House Moestuinlaan,1036 KD Amsterdam (Tuindorp Oostzaan),200 m²,10 rooms,Upholstered or furnished,"€4,500 per month"
Apartment Van Breestraat 90 II,1071 ZS Amsterdam (Museumkwartier),122 m²,7 rooms,Upholstered,"€4,250 per month"
Apartment Esplanade de Meer,1098 WN Amsterdam (Middenmeer),96 m²,3 rooms,Furnished,"€2,500 per month"
Apartment Keizersgracht,1016 EG Amsterdam (Grachtengordel-West),270 m²,4 rooms,Upholstered,"€6,000 per month"
Apartment NDSM-kade,1033 PG Amsterdam (Noordelijke IJ-oevers West),89 m²,2 rooms,Upholstered,"€1,694 per month"
Apartment NDSM-kade,1033 PG Amsterdam (Noordelijke IJ-oevers West),64 m²,2 rooms,Upholstered,"€1,568 per month"
Apartment NDSM-kade,1033 PG Amsterdam (Noordelijke IJ-oevers West),63 m²,2 rooms,Upholstered,"€1,460 per month"
Apartment NDSM-kade,1033 PG Amsterdam (Noordelijke IJ-oevers West),71 m²,2 rooms,Upholstered,"€1,487 per month"
Apartment Lijnbaansgracht,1016 VX Amsterdam (Jordaan),178 m²,2 rooms,Upholstered or furnished,"€7,500 per month"
Apartment Keizersgracht 385 B,1016 EJ Amsterdam (Grachtengordel-West),300 m²,5 rooms,Upholstered or furnished,"€9,750 per month"
Studio Wibautstraat 150,1091 GR Amsterdam (Weesperzijde),40 m²,1 room,Furnished,"€3,250 per month"
Apartment Kalverstraat,1012 PH Amsterdam (Burgwallen-Nieuwe Zijde),110 m²,4 rooms,Furnished,"€2,750 per month"
Apartment Bos en Lommerplantsoen,1055 AA Amsterdam (De Kolenkit),50 m²,2 rooms,Furnished,"€4,500 per month"
Apartment Albert Cuypstraat 143 3,1072 CS Amsterdam (Oude Pijp),53 m²,2 rooms,Furnished,"€2,900 per month"
House Singel,1012 VD Amsterdam (Burgwallen-Nieuwe Zijde),320 m²,6 rooms,Upholstered,"€5,500 per month"
Studio August Allebéplein,1062 AC Amsterdam (Overtoomse Veld),30 m²,1 room,Upholstered,€673 per month
Apartment Prinsengracht,1016 GV Amsterdam (Grachtengordel-West),100 m²,3 rooms,Upholstered or furnished,"€4,900 per month"
Apartment NDSM-kade,1033 PG Amsterdam (Noordelijke IJ-oevers West),129 m²,4 rooms,Upholstered,"€2,654 per month"
Apartment Stromarkt,1012 SW Amsterdam (Burgwallen-Nieuwe Zijde),65 m²,2 rooms,Furnished,"€2,350 per month"
Apartment Stadionweg,1077 ST Amsterdam (Apollobuurt),120 m²,3 rooms,Upholstered or furnished,"€2,700 per month"
Apartment John Blankensteinstraat,1095 MB Amsterdam (Zeeburgereiland/Nieuwe Diep),105 m²,5 rooms,Upholstered,"€3,400 per month"
Studio Elizabeth Cady Stantonplein,"1102 BL Amsterdam (Bijlmer Centrum (D,F,H))",30 m²,1 room,Upholstered,€655 per month
Apartment Tasmanstraat 3,1013 PW Amsterdam (Houthavens),100 m²,4 rooms,Furnished,"€2,150 per month"
Apartment Koningin Wilhelminaplein,1062 KS Amsterdam (Westlandgracht),90 m²,3 rooms,Furnished,"€2,250 per month"
Apartment IJdok,1013 MM Amsterdam (Haarlemmerbuurt),55 m²,2 rooms,Upholstered or furnished,"€2,550 per month"
Apartment Amstelveenseweg,1075 XL Amsterdam (Schinkelbuurt),70 m²,3 rooms,Upholstered or furnished,"€2,450 per month"
Apartment Bilderdijkkade 24 AH,1053 VC Amsterdam (Kinkerbuurt),70 m²,2 rooms,,"€1,600 per month"
Apartment Van Oldenbarneveldtstraat,1052 KH Amsterdam (Frederik Hendrikbuurt),49 m²,3 rooms,Furnished,"€1,850 per month"
Apartment Churchill-laan,1078 DT Amsterdam (Scheldebuurt),85 m²,3 rooms,Furnished,"€2,650 per month"
Apartment Van Ostadestraat 139 O,1072 SW Amsterdam (Nieuwe Pijp),69 m²,2 rooms,Furnished,"€2,450 per month"
Apartment Churchill-laan 151 4,1078 DT Amsterdam (Scheldebuurt),95 m²,3 rooms,Furnished,"€2,650 per month"
Apartment Haarlemmerdijk 8 II,1013 JC Amsterdam (Haarlemmerbuurt),75 m²,3 rooms,Furnished,"€1,900 per month"
Apartment Sluisstraat,1075 TB Amsterdam (Schinkelbuurt),52 m²,3 rooms,Upholstered,"€1,850 per month"
Apartment Eemsstraat 12 H,1079 TG Amsterdam (Rijnbuurt),50 m²,2 rooms,,"€1,450 per month"
Apartment Keizersgracht,1016 EG Amsterdam (Grachtengordel-West),270 m²,4 rooms,Upholstered,"€6,000 per month"
Apartment Nicolaas Maesstraat,1071 RD Amsterdam (Museumkwartier),73 m²,3 rooms,Upholstered,"€2,800 per month"
Apartment Osdorpplein,1068 TB Amsterdam (Osdorp-Oost),74 m²,3 rooms,,"€1,850 per month"
Apartment Leiduinstraat,1058 SJ Amsterdam (Hoofddorppleinbuurt),66 m²,2 rooms,Furnished,"€1,950 per month"
Apartment Kerkstraat,1017 GB Amsterdam (Grachtengordel-Zuid),31 m²,2 rooms,,"€1,550 per month"
Apartment Osdorpplein,1068 TB Amsterdam (Osdorp-Oost),89 m²,3 rooms,,"€1,800 per month"
Apartment Reestraat,1016 DM Amsterdam (Grachtengordel-West),41 m²,2 rooms,Upholstered,"€1,500 per month"
Apartment Cornelis Trooststraat 53 hs,1072 JC Amsterdam (Nieuwe Pijp),60 m²,2 rooms,Upholstered,"€1,800 per month"
Apartment Bloemgracht,1016 KD Amsterdam (Jordaan),63 m²,2 rooms,Upholstered,"€1,700 per month"
Apartment Haarlemmermeerstraat,1058 JP Amsterdam (Hoofddorppleinbuurt),75 m²,3 rooms,Furnished,"€2,250 per month"
Apartment Johan Hofmanstraat,1069 KD Amsterdam (Osdorp-Midden),97 m²,3 rooms,Furnished,"€2,350 per month"
Apartment Nicolaas Maesstraat 65 II,1071 PR Amsterdam (Museumkwartier),62 m²,3 rooms,Upholstered,"€2,250 per month"
Apartment Montelbaanstraat,1011 EG Amsterdam (Nieuwmarkt/Lastage),86 m²,4 rooms,Upholstered,"€2,250 per month"
Apartment Wilhelminastraat 81 III,1054 VX Amsterdam (Overtoomse Sluis),125 m²,3 rooms,Furnished,"€2,750 per month"
Apartment Haringvlietstraat 15 I,1078 JZ Amsterdam (Scheldebuurt),91 m²,5 rooms,Upholstered,"€2,500 per month"
Apartment Roerstraat 69,1078 LK Amsterdam (Scheldebuurt),70 m²,3 rooms,Upholstered,"€1,900 per month"
Apartment Tweede Kostverlorenkade 24 III,1053 TP Amsterdam (Kinkerbuurt),72 m²,3 rooms,Furnished,"€2,100 per month"
Apartment Nieuw Herlaer,1083 BB Amsterdam (Buitenveldert-Oost),125 m²,4 rooms,Upholstered,"€2,100 per month"
Apartment Willem Frederik Hermansstraat 33,1011 DG Amsterdam (Nieuwmarkt/Lastage),86 m²,3 rooms,Furnished,"€2,350 per month"
Apartment Rupelmonde,1081 GS Amsterdam (Buitenveldert-West),39 m²,2 rooms,Upholstered,"€1,350 per month"
Apartment Rooseveltlaan,1079 AD Amsterdam (Scheldebuurt),111 m²,4 rooms,,"€2,800 per month"
Apartment Havikshorst,1083 TS Amsterdam (Buitenveldert-Oost),77 m²,3 rooms,Furnished,"€2,100 per month"
Apartment Borgerstraat,1053 PG Amsterdam (Van Lennepbuurt),65 m²,4 rooms,Furnished,"€1,800 per month"
Apartment Rustenburgerstraat 133 III,1073 EX Amsterdam (Nieuwe Pijp),46 m²,3 rooms,Upholstered,"€1,850 per month"
Apartment Govert Flinckstraat 296 3,1073 CH Amsterdam (Oude Pijp),84 m²,2 rooms,Furnished,"€2,250 per month"
Apartment Zacharias Jansestraat,1097 CL Amsterdam (Frankendael),90 m²,3 rooms,Upholstered,"€2,250 per month"
House Romerostraat,1069 NP Amsterdam (Middelveldsche Akerpolder),112 m²,6 rooms,Furnished,"€2,500 per month"
Apartment Polanenstraat,1013 VP Amsterdam (Spaarndammer- en Zeeheldenbuurt),33 m²,2 rooms,Upholstered or furnished,"€1,575 per month"
Apartment Lutmastraat 117 F + PP,1073 GS Amsterdam (Zuid Pijp),64 m²,2 rooms,Upholstered,"€1,700 per month"
Apartment Agatha Dekenstraat 61 IV,1053 AN Amsterdam (Kinkerbuurt),56 m²,3 rooms,Furnished,"€2,500 per month"
Apartment Houtmankade 95 1,1013 MT Amsterdam (Haarlemmerbuurt),55 m²,2 rooms,,"€1,500 per month"
Apartment Keizersgracht,1016 EG Amsterdam (Grachtengordel-West),270 m²,4 rooms,Upholstered,"€6,000 per month"
Apartment Lange Leidsedwarsstraat,1017 NM Amsterdam (De Weteringschans),47 m²,2 rooms,Furnished,"€1,800 per month"
Apartment Griseldestraat 28 4,1055 AX Amsterdam (Erasmuspark),62 m²,3 rooms,Upholstered,"€2,000 per month"
Apartment Holbeinstraat 57 1,1077 VC Amsterdam (Apollobuurt),113 m²,3 rooms,Upholstered,"€2,750 per month"
Apartment Omval 42,1096 HV Amsterdam (Omval/Overamstel),105 m²,3 rooms,Furnished,"€2,350 per month"
Apartment Ceintuurbaan 468,1074 EC Amsterdam (Nieuwe Pijp),90 m²,3 rooms,Upholstered,"€2,500 per month"
Apartment Bloemgracht,1016 KP Amsterdam (Jordaan),67 m²,3 rooms,Upholstered,"€2,250 per month"
Apartment Prins Hendrikkade,1011 AR Amsterdam (Nieuwmarkt/Lastage),80 m²,3 rooms,Upholstered,"€1,650 per month"
Apartment Erasmusgracht,1061 BL Amsterdam (De Kolenkit),69 m²,2 rooms,Furnished,"€1,650 per month"
Apartment Jan van Riebeekstraat 10 2,1057 ZX Amsterdam (Chassébuurt),60 m²,3 rooms,Furnished,"€1,950 per month"
Apartment Prinsengracht 669 2,1017 JT Amsterdam (Grachtengordel-Zuid),55 m²,2 rooms,Upholstered,"€2,500 per month"
Apartment Haarlemmerdijk 100 D,1013 JG Amsterdam (Haarlemmerbuurt),100 m²,3 rooms,Furnished,"€2,500 per month"
Apartment Tweede Boomdwarsstraat,1015 LK Amsterdam (Jordaan),67 m²,2 rooms,Furnished,"€1,950 per month"
Apartment Transvaalkade,1092 JK Amsterdam (Transvaalbuurt),60 m²,3 rooms,Furnished,"€1,850 per month"
Apartment Rustenburgerstraat 146 A11,1073 GJ Amsterdam (Nieuwe Pijp),55 m²,2 rooms,Furnished,"€2,075 per month"
Apartment Sint Willibrordusstraat 109 A,1073 VB Amsterdam (Nieuwe Pijp),100 m²,4 rooms,Upholstered,"€2,900 per month"
Apartment Westzaanstraat 45 III,1013 NE Amsterdam (Spaarndammer- en Zeeheldenbuurt),93 m²,4 rooms,Upholstered,"€2,100 per month"
Apartment Cliffordstraat,1051 GP Amsterdam (Staatsliedenbuurt),49 m²,2 rooms,Furnished,"€1,750 per month"
Apartment De Lairessestraat 172 1,1075 HM Amsterdam (Willemspark),84 m²,3 rooms,Furnished,"€2,750 per month"
Apartment Stuyvesantstraat 49 H,1058 AK Amsterdam (Westindische Buurt),73 m²,2 rooms,Furnished,"€2,350 per month"
Apartment Vrolikstraat,1092 TW Amsterdam (Oosterparkbuurt),57 m²,2 rooms,,"€1,950 per month"
Apartment Vondelstraat,1054 GE Amsterdam (Vondelbuurt),125 m²,3 rooms,,"€2,850 per month"
Apartment Sarphatipark,1072 PB Amsterdam (Oude Pijp),83 m²,3 rooms,Furnished,"€2,975 per month"
House Prinsengracht 751,1017 JX Amsterdam (Grachtengordel-Zuid),265 m²,8 rooms,Upholstered or furnished,"€5,950 per month"
Apartment Marskramerstraat 19,1033 WH Amsterdam (Oostzanerwerf),60 m²,2 rooms,,"€1,500 per month"
Apartment Pieter Aertszstraat,1073 SK Amsterdam (Nieuwe Pijp),60 m²,3 rooms,Upholstered,"€2,500 per month"
Apartment Omval,1096 AA Amsterdam (Omval/Overamstel),97 m²,3 rooms,Upholstered,"€2,250 per month"
Apartment Dusartstraat,1072 HT Amsterdam (Nieuwe Pijp),67 m²,2 rooms,Upholstered,"€1,950 per month"
Apartment Kastanjeweg 2 HS,1092 CE Amsterdam (Oosterparkbuurt),130 m²,4 rooms,,"€3,250 per month"
Apartment Sarphatistraat 678,1018 AV Amsterdam (Oostelijke Eilanden/Kadijken),75 m²,3 rooms,Furnished,"€2,200 per month"
Apartment Prinsengracht,1017 KK Amsterdam (De Weteringschans),185 m²,6 rooms,Upholstered,"€4,500 per month"
Apartment Keizersgracht,1016 EG Amsterdam (Grachtengordel-West),270 m²,4 rooms,Upholstered,"€6,000 per month"
Apartment Koninginneweg,1075 EE Amsterdam (Willemspark),90 m²,3 rooms,,"€3,100 per month"
Apartment Mercatorstraat 38 3,1056 RH Amsterdam (Van Galenbuurt),65 m²,2 rooms,Furnished,"€1,750 per month"
Apartment Albatrospad 142 7,1021 TR Amsterdam (IJplein/Vogelbuurt),130 m²,3 rooms,Furnished,"€2,950 per month"
Apartment Prinsengracht 1069,1017 JG Amsterdam (Grachtengordel-Zuid),142 m²,3 rooms,Upholstered,"€3,750 per month"
Apartment Herengracht 132 E,1015 BV Amsterdam (Grachtengordel-West),162 m²,3 rooms,Upholstered,"€7,500 per month"
Apartment Amstelveenseweg,1075 XR Amsterdam (Schinkelbuurt),92 m²,4 rooms,Furnished,"€2,500 per month"
Apartment Korte Koningsstraat 14 bgg,1011 GA Amsterdam (Nieuwmarkt/Lastage),120 m²,2 rooms,Furnished,"€2,100 per month"
Apartment Sarphatipark,1073 CZ Amsterdam (Nieuwe Pijp),88 m²,3 rooms,Upholstered,"€2,750 per month"
Apartment Geldersekade 45 A,1011 EJ Amsterdam (Nieuwmarkt/Lastage),46 m²,1 room,,"€1,600 per month"
Apartment Nassaukade 123 III,1052 EC Amsterdam (Frederik Hendrikbuurt),108 m²,4 rooms,,"€3,250 per month"
Apartment Tommaso Albinonistraat 166,1083 HM Amsterdam (Zuidas),197 m²,5 rooms,Upholstered,"€4,500 per month"
Apartment Van Oldenbarneveldtstraat,1052 KA Amsterdam (Frederik Hendrikbuurt),85 m²,5 rooms,,"€2,250 per month"
Apartment Bestevâerstraat,1055 TL Amsterdam (Landlust),71 m²,2 rooms,,"€1,750 per month"
Apartment Koninginneweg 40 C,1075 CZ Amsterdam (Willemspark),180 m²,6 rooms,,"€6,500 per month"
Apartment Keizersgracht 680 II+III,1017 ET Amsterdam (Grachtengordel-Zuid),125 m²,3 rooms,,"€3,950 per month"
Apartment Herengracht 132 C,1015 BV Amsterdam (Grachtengordel-West),190 m²,4 rooms,Upholstered or furnished,"€10,500 per month"
House Prinsengracht,1016 JA Amsterdam (Jordaan),181 m²,6 rooms,Upholstered,"€3,950 per month"
Apartment Bloemgracht,1015 TT Amsterdam (Jordaan),195 m²,6 rooms,Upholstered,"€6,000 per month"
Apartment Plantage Kerklaan,1018 SX Amsterdam (Weesperbuurt/Plantage),90 m²,3 rooms,Furnished,"€2,750 per month"
